{
  "generation": 30,
  "mu": [
    0.013965273542305057,
    0.15130785366188404,
    -0.15548757846522462,
    -0.036591551129904434,
    0.0543479928299852,
    0.08276150549022013,
    -0.022780952999823016,
    0.0798002990008444,
    0.04862398428422146,
    0.00013015264045844395,
    -0.04982551524227667,
    -0.02989128953901237,
    -0.18263396304665597,
    -0.08860085040057933,
    0.07207160848105706,
    0.06929401980348467,
    0.19231564099217158,
    -0.04964165305999633,
    0.035777322548816125,
    -0.017253627466555906,
    0.005865326925762467,
    -0.01455681287665487,
    0.19704951951019423,
    0.014072570055812219,
    -0.06657177317901955,
    -0.031985589623579926,
    0.0660229761813601,
    0.021140805518152526,
    -0.06804196686558242,
    0.038997445007450275,
    -0.08068945302165191,
    -0.08955813972652649,
    0.018494581000596748,
    0.054796028338914005,
    -0.16574259346887418,
    -0.2232480584088174,
    -0.04209073450452348,
    0.07119296758191938,
    0.09888295322156414,
    0.04060626235311393,
    0.1992757184054293,
    0.024256617432139256,
    -0.0669069865030453,
    0.02851630132941979,
    -0.02955411959442828,
    -0.0905129482283931,
    0.10626894687923809,
    -0.0622077221839322
  ],
  "sigma": [
    0.01,
    0.01139071243318231,
    0.01,
    0.01169642686181431,
    0.01,
    0.01,
    0.011065884117809306,
    0.01,
    0.019099040881080626,
    0.011456476873487864,
    0.01058793637539135,
    0.014613841833857806,
    0.01,
    0.01,
    0.011401531345269025,
    0.01,
    0.01,
    0.01,
    0.01,
    0.010222931693111675,
    0.012127575231647406,
    0.01,
    0.01,
    0.01,
    0.010657815513221012,
    0.01,
    0.01,
    0.01,
    0.01,
    0.01,
    0.01,
    0.01,
    0.01,
    0.01,
    0.01,
    0.010142056835089603,
    0.01004587219611186,
    0.01,
    0.01,
    0.010087235499025599,
    0.01,
    0.01,
    0.01093671969424067,
    0.01,
    0.01,
    0.014310871250266298,
    0.01,
    0.01
  ],
  "bestReward": 22.180000000001364,
  "bestWeights": [
    -0.025212986786459553,
    0.0847542570686333,
    -0.13275475105352538,
    -0.04087137432002553,
    0.03649214867311581,
    0.08830819474337608,
    -0.08368732643309515,
    0.1102441198342321,
    0.03149527801389433,
    -0.0007898799930279865,
    -0.03563781678713593,
    0.008360708610329578,
    -0.16660842053709135,
    -0.083053923643274,
    0.013433456648585152,
    0.07722574640798481,
    0.16965099695557775,
    -0.08544000803726189,
    0.057712652184161745,
    -0.03750527289182299,
    -0.03055488927064511,
    -0.009747479156344897,
    0.18358515993983154,
    0.026099455577146616,
    -0.024617024899725337,
    -0.0098502810922138,
    0.0479518311195844,
    0.03174699991640361,
    -0.05184305573529179,
    0.05722651136765411,
    -0.06573178119377529,
    -0.07898613852891687,
    -0.0015197564552914943,
    0.04586441856325936,
    -0.12163442067608171,
    -0.16756520570856653,
    -0.03391292157771038,
    0.1177879040898728,
    0.07787120397042087,
    0.07713681521678134,
    0.20121668128951184,
    0.07268255472448677,
    -0.09592662290286262,
    0.026916273838831602,
    -0.03907787514895536,
    -0.08493594265913341,
    0.029983302956589016,
    -0.018197835054586334
  ],
  "history": [
    {
      "generation": 0,
      "bestReward": -39.5,
      "meanReward": -54.22008333333324,
      "eliteMeanReward": -40
    },
    {
      "generation": 1,
      "bestReward": -38.949999999999996,
      "meanReward": -51.63499999999999,
      "eliteMeanReward": -39.779999999999994
    },
    {
      "generation": 2,
      "bestReward": -28.25166666666594,
      "meanReward": -95.80508333333331,
      "eliteMeanReward": -37.59033333333319
    },
    {
      "generation": 3,
      "bestReward": -39.24999999999999,
      "meanReward": -117.14258333333382,
      "eliteMeanReward": -39.629999999999995
    },
    {
      "generation": 4,
      "bestReward": 10.981666666668154,
      "meanReward": -83.19591666666656,
      "eliteMeanReward": -29.273666666666372
    },
    {
      "generation": 5,
      "bestReward": -39.3,
      "meanReward": -122.57750000000048,
      "eliteMeanReward": -39.66
    },
    {
      "generation": 6,
      "bestReward": 22.180000000001364,
      "meanReward": -98.1460833333332,
      "eliteMeanReward": -27.253999999999728
    },
    {
      "generation": 7,
      "bestReward": 10.781666666667492,
      "meanReward": -80.48591666666668,
      "eliteMeanReward": -29.243666666666503
    },
    {
      "generation": 8,
      "bestReward": -38.44999999999996,
      "meanReward": -52.202499999999965,
      "eliteMeanReward": -38.76999999999998
    },
    {
      "generation": 9,
      "bestReward": -38.69999999999996,
      "meanReward": -87.0984166666667,
      "eliteMeanReward": -38.89999999999999
    },
    {
      "generation": 10,
      "bestReward": -38.64999999999996,
      "meanReward": -58.22999999999995,
      "eliteMeanReward": -38.819999999999986
    },
    {
      "generation": 11,
      "bestReward": -27.601666666665945,
      "meanReward": -38.59258333333328,
      "eliteMeanReward": -36.420333333333154
    },
    {
      "generation": 12,
      "bestReward": -29.251666666665734,
      "meanReward": -75.34783333333307,
      "eliteMeanReward": -36.79033333333312
    },
    {
      "generation": 13,
      "bestReward": -38.54999999999996,
      "meanReward": -52.57249999999995,
      "eliteMeanReward": -38.669999999999966
    },
    {
      "generation": 14,
      "bestReward": 11.231666666667818,
      "meanReward": -43.54591666666657,
      "eliteMeanReward": -28.653666666666407
    },
    {
      "generation": 15,
      "bestReward": 11.831666666667678,
      "meanReward": -65.3159166666665,
      "eliteMeanReward": -28.603666666666435
    },
    {
      "generation": 16,
      "bestReward": -38.64999999999996,
      "meanReward": -65.76999999999991,
      "eliteMeanReward": -38.66999999999997
    },
    {
      "generation": 17,
      "bestReward": 11.731666666668064,
      "meanReward": -41.22091666666658,
      "eliteMeanReward": -28.613666666666365
    },
    {
      "generation": 18,
      "bestReward": -38.649999999999956,
      "meanReward": -51.89341666666654,
      "eliteMeanReward": -38.66999999999996
    },
    {
      "generation": 19,
      "bestReward": -38.54999999999997,
      "meanReward": -60.19999999999991,
      "eliteMeanReward": -38.64999999999996
    },
    {
      "generation": 20,
      "bestReward": -28.85166666666598,
      "meanReward": -58.60016666666653,
      "eliteMeanReward": -36.650333333333165
    },
    {
      "generation": 21,
      "bestReward": -38.599999999999966,
      "meanReward": -90.51008333333314,
      "eliteMeanReward": -38.78999999999998
    },
    {
      "generation": 22,
      "bestReward": -38.74999999999996,
      "meanReward": -65.74499999999992,
      "eliteMeanReward": -38.74999999999997
    },
    {
      "generation": 23,
      "bestReward": 11.416967203460358,
      "meanReward": -52.57665163982688,
      "eliteMeanReward": -28.716606559307905
    },
    {
      "generation": 24,
      "bestReward": -29.101666666666215,
      "meanReward": -51.15258333333325,
      "eliteMeanReward": -36.87033333333322
    },
    {
      "generation": 25,
      "bestReward": -38.549999999999955,
      "meanReward": -114.32341666666642,
      "eliteMeanReward": -38.739999999999974
    },
    {
      "generation": 26,
      "bestReward": -38.64999999999996,
      "meanReward": -79.04999999999983,
      "eliteMeanReward": -38.749999999999964
    },
    {
      "generation": 27,
      "bestReward": -28.301666666665824,
      "meanReward": -67.79349999999985,
      "eliteMeanReward": -36.77033333333315
    },
    {
      "generation": 28,
      "bestReward": -38.49999999999996,
      "meanReward": -39.329999999999984,
      "eliteMeanReward": -38.799999999999976
    },
    {
      "generation": 29,