{
  "generation": 60,
  "mu": [
    -0.023352577725342785,
    0.13870372769653033,
    -0.1644931911687794,
    -0.06282325740761843,
    0.07532097998588205,
    0.13822762343837047,
    -0.032355620197491976,
    0.07176103675061296,
    0.03150491946601449,
    0.07737234363140723,
    -0.07216219804239314,
    -0.044022004971345306,
    -0.19085922745177963,
    -0.11133663225393256,
    0.11508610847979343,
    0.06530417553839553,
    0.20098406565137594,
    -0.06865954556563801,
    0.04460508774351933,
    -0.05934740038200219,
    -0.033888081074773854,
    0.005766963359777932,
    0.19933739304579973,
    0.02798894895190187,
    -0.06416757226299705,
    -0.038554942010457116,
    0.06477810014811969,
    0.013299384829772453,
    -0.012939388317075081,
    0.0756643249724971,
    -0.0873163794071651,
    -0.07570993063764146,
    0.004471925916453722,
    0.04625174720043509,
    -0.14830148725628028,
    -0.23440138026105678,
    -0.06251166270960495,
    0.08407360276492519,
    0.07343537273179487,
    0.09795838690930266,
    0.18283462418296959,
    0.02704934070890619,
    -0.09840431465080383,
    0.026894529391079967,
    -0.036881109623690275,
    -0.0842483952430785,
    0.11447839941393616,
    -0.07175577594977638
  ],
  "sigma": [
    0.01,
    0.01,
    0.01,
    0.01,
    0.01,
    0.01,
    0.010559027681246736,
    0.01,
    0.01540625571237035,
    0.013676155533649592,
    0.01,
    0.01077421817891339,
    0.01,
    0.014288139212112043,
    0.01,
    0.01,
    0.01,
    0.01,
    0.01,
    0.01,
    0.01,
    0.01,
    0.014454380823006874,
    0.011855188996721777,
    0.04501549148912127,
    0.019484009892684562,
    0.013054861495052857,
    0.01,
    0.017919688147422026,
    0.011608018189242822,
    0.012924055547512355,
    0.012165402240008616,
    0.01,
    0.014718676231373694,
    0.01,
    0.014539251333630756,
    0.010796933328841997,
    0.01634390640702321,
    0.01667118474787179,
    0.01,
    0.026902562134545324,
    0.01,
    0.011095594310338927,
    0.01,
    0.01,
    0.012576956293089341,
    0.010760962983007629,
    0.010201392519249317
  ],
  "bestReward": 22.180000000001364,
  "bestWeights": [
    -0.025212986786459553,
    0.0847542570686333,
    -0.13275475105352538,
    -0.04087137432002553,
    0.03649214867311581,
    0.08830819474337608,
    -0.08368732643309515,
    0.1102441198342321,
    0.03149527801389433,
    -0.0007898799930279865,
    -0.03563781678713593,
    0.008360708610329578,
    -0.16660842053709135,
    -0.083053923643274,
    0.013433456648585152,
    0.07722574640798481,
    0.16965099695557775,
    -0.08544000803726189,
    0.057712652184161745,
    -0.03750527289182299,
    -0.03055488927064511,
    -0.009747479156344897,
    0.18358515993983154,
    0.026099455577146616,
    -0.024617024899725337,
    -0.0098502810922138,
    0.0479518311195844,
    0.03174699991640361,
    -0.05184305573529179,
    0.05722651136765411,
    -0.06573178119377529,
    -0.07898613852891687,
    -0.0015197564552914943,
    0.04586441856325936,
    -0.12163442067608171,
    -0.16756520570856653,
    -0.03391292157771038,
    0.1177879040898728,
    0.07787120397042087,
    0.07713681521678134,
    0.20121668128951184,
    0.07268255472448677,
    -0.09592662290286262,
    0.026916273838831602,
    -0.03907787514895536,
    -0.08493594265913341,
    0.029983302956589016,
    -0.018197835054586334
  ],
  "history": [
    {
      "generation": 0,
      "bestReward": -39.5,
      "meanReward": -54.22008333333324,
      "eliteMeanReward": -40
    },
    {
      "generation": 1,
      "bestReward": -38.949999999999996,
      "meanReward": -51.63499999999999,
      "eliteMeanReward": -39.779999999999994
    },
    {
      "generation": 2,
      "bestReward": -28.25166666666594,
      "meanReward": -95.80508333333331,
      "eliteMeanReward": -37.59033333333319
    },
    {
      "generation": 3,
      "bestReward": -39.24999999999999,
      "meanReward": -117.14258333333382,
      "eliteMeanReward": -39.629999999999995
    },
    {
      "generation": 4,
      "bestReward": 10.981666666668154,
      "meanReward": -83.19591666666656,
      "eliteMeanReward": -29.273666666666372
    },
    {
      "generation": 5,
      "bestReward": -39.3,
      "meanReward": -122.57750000000048,
      "eliteMeanReward": -39.66
    },
    {
      "generation": 6,
      "bestReward": 22.180000000001364,
      "meanReward": -98.1460833333332,
      "eliteMeanReward": -27.253999999999728
    },
    {
      "generation": 7,
      "bestReward": 10.781666666667492,
      "meanReward": -80.48591666666668,
      "eliteMeanReward": -29.243666666666503
    },
    {
      "generation": 8,
      "bestReward": -38.44999999999996,
      "meanReward": -52.202499999999965,
      "eliteMeanReward": -38.76999999999998
    },
    {
      "generation": 9,
      "bestReward": -38.69999999999996,
      "meanReward": -87.0984166666667,
      "eliteMeanReward": -38.89999999999999
    },
    {
      "generation": 10,
      "bestReward": -38.64999999999996,
      "meanReward": -58.22999999999995,
      "eliteMeanReward": -38.819999999999986
    },
    {
      "generation": 11,
      "bestReward": -27.601666666665945,
      "meanReward": -38.59258333333328,
      "eliteMeanReward": -36.420333333333154
    },
    {
      "generation": 12,
      "bestReward": -29.251666666665734,
      "meanReward": -75.34783333333307,
      "eliteMeanReward": -36.79033333333312
    },
    {
      "generation": 13,
      "bestReward": -38.54999999999996,
      "meanReward": -52.57249999999995,
      "eliteMeanReward": -38.669999999999966
    },
    {
      "generation": 14,
      "bestReward": 11.231666666667818,
      "meanReward": -43.54591666666657,
      "eliteMeanReward": -28.653666666666407
    },
    {
      "generation": 15,
      "bestReward": 11.831666666667678,
      "meanReward": -65.3159166666665,
      "eliteMeanReward": -28.603666666666435
    },
    {
      "generation": 16,
      "bestReward": -38.64999999999996,
      "meanReward": -65.76999999999991,
      "eliteMeanReward": -38.66999999999997
    },
    {
      "generation": 17,
      "bestReward": 11.731666666668064,
      "meanReward": -41.22091666666658,
      "eliteMeanReward": -28.613666666666365
    },
    {
      "generation": 18,
      "bestReward": -38.649999999999956,
      "meanReward": -51.89341666666654,
      "eliteMeanReward": -38.66999999999996
    },
    {
      "generation": 19,
      "bestReward": -38.54999999999997,
      "meanReward": -60.19999999999991,
      "eliteMeanReward": -38.64999999999996
    },
    {
      "generation": 20,
      "bestReward": -28.85166666666598,
      "meanReward": -58.60016666666653,
      "eliteMeanReward": -36.650333333333165
    },
    {
      "generation": 21,
      "bestReward": -38.599999999999966,
      "meanReward": -90.51008333333314,
      "eliteMeanReward": -38.78999999999998
    },
    {
      "generation": 22,
      "bestReward": -38.74999999999996,
      "meanReward": -65.74499999999992,
      "eliteMeanReward": -38.74999999999997
    },
    {
      "generation": 23,
      "bestReward": 11.416967203460358,
      "meanReward": -52.57665163982688,
      "eliteMeanReward": -28.716606559307905
    },
    {
      "generation": 24,
      "bestReward": -29.101666666666215,
      "meanReward": -51.15258333333325,
      "eliteMeanReward": -36.87033333333322
    },
    {
      "generation": 25,
      "bestReward": -38.549999999999955,
      "meanReward": -114.32341666666642,
      "eliteMeanReward": -38.739999999999974
    },
    {
      "generation": 26,
      "bestReward": -38.64999999999996,
      "meanReward": -79.04999999999983,
      "eliteMeanReward": -38.749999999999964
    },
    {
      "generation": 27,
      "bestReward": -28.301666666665824,
      "meanReward": -67.79349999999985,
      "eliteMeanReward": -36.77033333333315
    },
    {
      "generation": 28,
      "bestReward": -38.49999999999996,