{
  "generation": 6,
  "mu": [
    0.021540457952361584,
    0.06124634341476355,
    -0.09724265276094157,
    0.002050921640653633,
    0.013472966942960374,
    -0.04349481036217671,
    0.06192599143041866,
    0.01812845145317827,
    0.00903714675364685,
    -0.21032876921895616,
    0.012475135119243533,
    -0.03759493406837577,
    0.009218201897056058,
    0.17743537891696853,
    0.02361828133141099,
    -0.018239117328276405,
    0.01625762359895129,
    0.14982464501857845,
    0.0027339966153366035,
    0.07184023163052448,
    0.035952181889909764,
    0.1149779869176645,
    -0.03871792080274098,
    -0.058906817039748316,
    -0.13548302109348143,
    -0.08456366832616805,
    0.05392078536628233,
    0.10601831015597707,
    -0.1078872929519028,
    0.0410038118469635,
    0.0044082326867366396,
    0.04294508582865083,
    -0.044041697924268486,
    0.014776071962903325,
    -0.058381276985792686,
    -0.02268473893532027,
    0.015234016680366159,
    0.012181575038520357,
    0.10715564658870058,
    -0.05303800743279374,
    -0.04361019141018059,
    0.05415445180194485,
    0.0519754658127423,
    0.14346454636601963,
    0.06069589788857359,
    0.1195402669913705,
    0.027206623136929863,
    -0.11526513941104122
  ],
  "sigma": [
    0.011298623158821266,
    0.01,
    0.03373274014725935,
    0.044680590487846734,
    0.013968622000361731,
    0.01234604927021002,
    0.12358816186049666,
    0.03693282031395602,
    0.02477104344957352,
    0.11670900409961496,
    0.036592456344166926,
    0.013891668700299753,
    0.015235815026275053,
    0.015131730641807598,
    0.02262760059658911,
    0.01,
    0.01,
    0.04816698554890173,
    0.042868299226934775,
    0.01,
    0.06777539179645133,
    0.017408909389682918,
    0.01,
    0.01,
    0.01,
    0.03247340518875619,
    0.03706167310884421,
    0.03658860981201586,
    0.01483129914167094,
    0.015069356893815172,
    0.06449124966528334,
    0.014995558200635894,
    0.01,
    0.018804906965238406,
    0.01,
    0.05430383779274054,
    0.015629123246942475,
    0.0199165840401244,
    0.04095300806964013,
    0.0928111244354902,
    0.06045504795081367,
    0.01,
    0.023276288785256494,
    0.010508861315845256,
    0.0175021422136622,
    0.030260932607311275,
    0.01,
    0.01
  ],
  "bestReward": 11.38166666666789,
  "bestWeights": [
    0.010791523051046959,
    0.06560920271770429,
    -0.04817501231660114,
    -0.03839185609665004,
    0.0026230518395250167,
    -0.02458243822849862,
    -0.036686731585237047,
    -0.030499729740233444,
    -0.007653655607071871,
    -0.1761640117814056,
    0.06846318787445513,
    -0.011615974709257133,
    0.018211548882118622,
    0.17213435547759376,
    0.03277087788576345,
    -0.01830058730824919,
    0.007827697103097551,
    0.07774576704409523,
    0.032683533851489845,
    0.07114843564817343,
    -0.05159440423036907,
    0.11182971270388882,
    -0.04858948563349576,
    -0.05698096633746745,
    -0.12451933205781372,
    -0.05066817143166513,
    -0.0030087813691449493,
    0.036636087207214854,
    -0.1335152385976594,
    0.050329602396257805,
    0.10537259147010297,
    0.04171675157566678,
    -0.03777814393350278,
    0.002024072906036599,
    -0.050002200320377464,
    -0.06773887807760981,
    -0.0014232696525861704,
    0.016850861290975804,
    0.10010510352682414,
    0.09747388274999277,
    0.032894085646068105,
    0.051852483922427035,
    0.023060378738196753,
    0.15860680553542217,
    0.029833928376032028,
    0.14848418427967586,
    0.016774883574241724,
    -0.11978225122188335
  ],
  "history": [
    {
      "generation": 0,
      "bestReward": -28.751666666666594,
      "meanReward": -81.96516666666689,
      "eliteMeanReward": -37.35033333333332
    },
    {
      "generation": 1,
      "bestReward": -28.701666666666366,
      "meanReward": -66.29758333333318,
      "eliteMeanReward": -37.37033333333327
    },
    {
      "generation": 2,
      "bestReward": -29.051666666666428,
      "meanReward": -74.22275000000002,
      "eliteMeanReward": -35.180666666666596
    },
    {
      "generation": 3,
      "bestReward": -39.00000000000001,
      "meanReward": -50.96008333333329,
      "eliteMeanReward": -39.62
    },
    {
      "generation": 4,
      "bestReward": -38.84999999999998,
      "meanReward": -144.82258333333374,
      "eliteMeanReward": -39.12999999999999
    },
    {
      "generation": 5,
      "bestReward": 11.38166666666789,
      "meanReward": -47.58091666666653,
      "eliteMeanReward": -28.643666666666395
    }
  ]
}