{
  "generation": 9,
  "mu": [
    0.06560232290946524,
    -0.016365133009511333,
    -0.0131215479195958,
    0.001022697548527308,
    0.1714277918830472,
    0.08249896459330378,
    0.21702099327217464,
    0.11624644963988517,
    0.024460406322013774,
    0.05439367274773985,
    0.0828285899049638,
    0.0020666242018253208,
    0.0480617783462519,
    -0.08475454886993684,
    -0.03501681360316701,
    0.032868397393837796,
    -0.020317997987063983,
    -0.01094014695966895,
    0.022356060860436223,
    -0.09468685661695148,
    0.026450092369669283,
    -0.09800803688425949,
    -0.02246981984436353,
    -0.18248859289564082,
    0.009866459308932828,
    0.0036521687626492236,
    0.08380946273690588,
    0.03778694876126212,
    -0.0538721698483441,
    -0.003451662368942876,
    -0.1346200329659976,
    0.06868921555289387,
    -0.02926974513426705,
    -0.02670026918439149,
    -0.07799649152485473,
    0.1179923542843739,
    -0.12672151762127906,
    -0.016882301922325905,
    -0.0691588595316885,
    -0.024355652343781568,
    0.09695974659112935,
    0.026966718049664967,
    0.11791588214882057,
    -0.1211917876855976,
    0.011818307953784019,
    -0.06148231858214186,
    0.08489239415915924,
    -0.048872593030252307
  ],
  "sigma": [
    0.038020467697045375,
    0.016484158882766296,
    0.01,
    0.01,
    0.013957995616771593,
    0.01,
    0.19157980840837566,
    0.01,
    0.01,
    0.02737845239547977,
    0.0182959922979479,
    0.01,
    0.036320148863309566,
    0.011114154896745906,
    0.010038867811550339,
    0.01479964502862019,
    0.07240735967954764,
    0.01,
    0.01,
    0.019108086679332656,
    0.011383083075319416,
    0.01,
    0.015081756469934121,
    0.03228792408950408,
    0.011072909402920751,
    0.012130022553995767,
    0.01,
    0.05563160658882679,
    0.01,
    0.012878997452890307,
    0.026290879666965836,
    0.012358604761788705,
    0.01,
    0.01,
    0.01,
    0.04049050585177005,
    0.052153332821490074,
    0.02105342496835275,
    0.01,
    0.01,
    0.01,
    0.01456132582516233,
    0.01,
    0.010850812263349465,
    0.019777690758142126,
    0.01,
    0.01,
    0.01
  ],
  "bestReward": -28.251666666665784,
  "bestWeights": [
    0.04303016586269589,
    -0.019964322987880076,
    -0.013461703737588957,
    -0.00631442984683391,
    0.16331750792788371,
    0.09238041463840826,
    0.43530174045195513,
    0.12379269706225637,
    0.016446264119674814,
    0.07730309812766478,
    0.038788102366116024,
    0.024278936402043805,
    0.09342955060951832,
    -0.10237072163329988,
    -0.05944332825512492,
    0.017362843926615357,
    -0.018225087508795063,
    -0.010609767822058963,
    0.032887705348441695,
    -0.08207836590080742,
    0.02590224777744945,
    -0.11035424726907551,
    -0.014524585970841395,
    -0.19542063398404524,
    0.021671180846668997,
    -0.022821380807276602,
    0.0831729901059309,
    0.10214390951500191,
    -0.04499023584349893,
    0.017357395393032,
    -0.11809489144426452,
    0.05859901193490019,
    -0.009448829847231804,
    -0.00420017365849204,
    -0.07525869926449331,
    0.1252531891265555,
    -0.07193277073752366,
    -0.049792438850653944,
    -0.07118102237735545,
    -0.022318110170690325,
    0.11548407004719971,
    0.029074480932407477,
    0.11756976630416831,
    -0.1303315242682587,
    -0.0034968470437014565,
    -0.06979810466234983,
    0.07030670990308191,
    -0.0516784127936534
  ],
  "history": [
    {
      "generation": 0,
      "bestReward": -28.751666666666456,
      "meanReward": -73.83008333333328,
      "eliteMeanReward": -37.49033333333328
    },
    {
      "generation": 1,
      "bestReward": -39.599999999999994,
      "meanReward": -78.15508333333348,
      "eliteMeanReward": -39.88
    },
    {
      "generation": 2,
      "bestReward": -39.400000000000006,
      "meanReward": -101.44250000000001,
      "eliteMeanReward": -39.709999999999994
    },
    {
      "generation": 3,
      "bestReward": -38.99999999999999,
      "meanReward": -55.525083333333306,
      "eliteMeanReward": -39.69
    },
    {
      "generation": 4,
      "bestReward": -32.00166666666599,
      "meanReward": -54.86258333333326,
      "eliteMeanReward": -38.09033333333319
    },
    {
      "generation": 5,
      "bestReward": -38.54999999999996,
      "meanReward": -98.60116666666651,
      "eliteMeanReward": -39.009999999999984
    },
    {
      "generation": 6,
      "bestReward": -28.251666666665784,
      "meanReward": -50.86008333333324,
      "eliteMeanReward": -36.88033333333315
    },
    {
      "generation": 7,
      "bestReward": -38.99999999999997,
      "meanReward": -45.61249999999993,
      "eliteMeanReward": -39.249999999999986
    },
    {
      "generation": 8,
      "bestReward": -38.699999999999974,
      "meanReward": -39.25,
      "eliteMeanReward": -38.969999999999985
    }
  ]
}