{
  "generation": 8,
  "mu": [
    -0.1369355808013828,
    -0.07729525731660525,
    -0.0053477501196471915,
    -0.18904170227634473,
    -0.06821459793429639,
    0.04567085498520736,
    0.18597977296806775,
    0.023369324266411622,
    -0.08655100119557937,
    0.003806372098559427,
    -0.12401070681418147,
    0.054278944959855836,
    -0.002214747899631788,
    0.09681671723585232,
    0.014339705068750286,
    -0.0077003501476216344,
    -0.022117214992121794,
    -0.002938440313016003,
    0.046176486209046005,
    0.003125153868838754,
    0.016875683021738187,
    0.03322242859770792,
    0.09593325859358512,
    0.02152931755690114,
    -0.05743498662622668,
    -0.017998267018220757,
    0.03471543845381865,
    0.05469090156059577,
    -0.09796483345965498,
    -0.06253002790688814,
    0.0038021570652400855,
    -0.12320444416407361,
    -0.16979239956219588,
    0.053253314599036185,
    0.1613010945006748,
    0.08365754920075091,
    -0.025154451076032074,
    -0.22513071482710173,
    -0.02988354525527117,
    0.0689501061657291,
    -0.031248005503500365,
    0.04747532253139811,
    0.06749513938126514,
    0.23653234706634,
    -0.01888050413519137,
    -0.058336209331983135,
    0.025892156795962594,
    -0.15024767703005573
  ],
  "sigma": [
    0.01,
    0.01,
    0.015625040771988688,
    0.07621818560420643,
    0.025549200436328783,
    0.011192934005236584,
    0.013329458498619657,
    0.019227569401811095,
    0.010353548787887048,
    0.01,
    0.014263575686415949,
    0.019485170003054986,
    0.01,
    0.01,
    0.01,
    0.019013326424931278,
    0.015645569784796077,
    0.01,
    0.049355860709402,
    0.01,
    0.01,
    0.014854977413079146,
    0.02198704222511054,
    0.027445470468066356,
    0.017641666814170863,
    0.08140253367219864,
    0.01995514201618816,
    0.01,
    0.016316423487658903,
    0.10260907892332512,
    0.01,
    0.03842868700723439,
    0.057689957599392584,
    0.012960747221788915,
    0.0672457744321861,
    0.010484134240090547,
    0.03588740007896762,
    0.37322385683703535,
    0.01872549054281364,
    0.023153405974397735,
    0.028929548365299467,
    0.06247175451022458,
    0.01,
    0.16606322480198468,
    0.03712733308604507,
    0.02357562812899869,
    0.09042122888131268,
    0.017333375276942307
  ],
  "bestReward": -24.467474512827252,
  "bestWeights": [
    -0.016967921536893166,
    -0.08588204371853,
    0.023931355344436866,
    -0.29377062969592116,
    -0.034636173607900916,
    0.024665824766914965,
    0.17657424668407107,
    -0.009174339276166099,
    -0.0798344720995911,
    0.029182114984147512,
    -0.1146147157438794,
    -0.0035481378555294804,
    -0.012468280941498365,
    0.09462712711371343,
    0.04734359925214393,
    -0.021219886584378813,
    -0.01831145253550169,
    0.011928859412715952,
    0.019412561884632855,
    0.00456765041723654,
    0.018400044945615607,
    0.0070498902087898635,
    0.07641428009100984,
    0.057939940065185505,
    -0.1150803621766765,
    -0.1461330034772507,
    0.05042428419178428,
    0.041350417961476586,
    -0.01729663935798037,
    0.01959989127457336,
    0.043084147458147516,
    -0.09250477964977921,
    -0.2177894953436208,
    0.01891137975413931,
    0.22243430219227217,
    0.1044198564815954,
    -0.0788300683954764,
    0.1936121585002253,
    -0.03497431006088523,
    0.07274749973711633,
    0.00239356374103818,
    0.2027437442241274,
    0.05423384595642609,
    0.19225824763827026,
    -0.01620235334186045,
    -0.08963599940903956,
    0.08837338268133643,
    -0.11541537622071066
  ],
  "history": [
    {
      "generation": 0,
      "bestReward": -39.42158352664275,
      "meanReward": -258.72569123816913,
      "eliteMeanReward": -100.13831191462073
    },
    {
      "generation": 1,
      "bestReward": -80.71813145292309,
      "meanReward": -259.8866574214172,
      "eliteMeanReward": -116.77147154821925
    },
    {
      "generation": 2,
      "bestReward": -45.068817923106145,
      "meanReward": -237.97985363057046,
      "eliteMeanReward": -85.03543951975482
    },
    {
      "generation": 3,
      "bestReward": -67.18697006013038,
      "meanReward": -245.7078470650904,
      "eliteMeanReward": -117.22522802541735
    },
    {
      "generation": 4,
      "bestReward": -24.467474512827252,
      "meanReward": -242.96603802356935,
      "eliteMeanReward": -88.34197867753673
    },
    {
      "generation": 5,
      "bestReward": -78.99999999999923,
      "meanReward": -282.63846494401224,
      "eliteMeanReward": -121.66698761259701
    },
    {
      "generation": 6,
      "bestReward": -66.52484450473908,
      "meanReward": -243.31400700792238,
      "eliteMeanReward": -98.80347826308784
    },
    {
      "generation": 7,
      "bestReward": -86.01999999999869,
      "meanReward": -245.21288144637182,
      "eliteMeanReward": -109.63066399999938
    }
  ]
}