{
  "generation": 20,
  "mu": [
    0.002408836127840177,
    0.1627562375670125,
    -0.156554340775057,
    -0.002723395703484282,
    0.030744194526807933,
    0.07151150381622318,
    -0.021435556013953683,
    0.10040366184708586,
    0.04676077776685565,
    0.004114676305463856,
    -0.04892410322851913,
    -0.045101619774511895,
    -0.19887853278542347,
    -0.11343888792130782,
    0.07593666467943994,
    0.06230065477953474,
    0.17608786290388348,
    -0.06981887010023705,
    0.04068683338232933,
    -0.03713275692670344,
    0.006573133082200389,
    0.01449122126893829,
    0.20664877840747592,
    -0.014212068256819524,
    -0.06934228502824186,
    -0.0516764408088984,
    0.08952919408589236,
    0.03491639012810906,
    -0.058140623842648134,
    0.043043382130706395,
    -0.07626459386186875,
    -0.0679077238280417,
    -0.002527032913448339,
    0.05699393996054068,
    -0.1690268646496163,
    -0.20624445092302685,
    -0.023643892477084157,
    0.07340544281707587,
    0.09911237306612629,
    0.04826336319753073,
    0.20394460966992436,
    0.05152794549053684,
    -0.08078144343559006,
    0.005235732695718613,
    -0.04270779017099565,
    -0.06709722853213725,
    0.11378137605813225,
    -0.05572934555389667
  ],
  "sigma": [
    0.010758481797969049,
    0.01,
    0.01,
    0.01,
    0.01,
    0.01,
    0.01,
    0.0105436581370572,
    0.011939925474008295,
    0.01,
    0.01,
    0.01,
    0.01,
    0.01,
    0.01,
    0.01,
    0.01,
    0.01,
    0.010930284299924771,
    0.019419271830689283,
    0.01,
    0.018931316663733343,
    0.011093291428743128,
    0.01,
    0.01,
    0.011922918996869541,
    0.010404011256930959,
    0.014503010138093552,
    0.01,
    0.01,
    0.01,
    0.01,
    0.01276155890769773,
    0.01,
    0.010461023999319738,
    0.01,
    0.014157279920592274,
    0.010149729640650753,
    0.010557906274136997,
    0.01,
    0.013543687402468698,
    0.01,
    0.01,
    0.01,
    0.010165022262094819,
    0.01,
    0.01,
    0.01
  ],
  "bestReward": 22.180000000001364,
  "bestWeights": [
    -0.025212986786459553,
    0.0847542570686333,
    -0.13275475105352538,
    -0.04087137432002553,
    0.03649214867311581,
    0.08830819474337608,
    -0.08368732643309515,
    0.1102441198342321,
    0.03149527801389433,
    -0.0007898799930279865,
    -0.03563781678713593,
    0.008360708610329578,
    -0.16660842053709135,
    -0.083053923643274,
    0.013433456648585152,
    0.07722574640798481,
    0.16965099695557775,
    -0.08544000803726189,
    0.057712652184161745,
    -0.03750527289182299,
    -0.03055488927064511,
    -0.009747479156344897,
    0.18358515993983154,
    0.026099455577146616,
    -0.024617024899725337,
    -0.0098502810922138,
    0.0479518311195844,
    0.03174699991640361,
    -0.05184305573529179,
    0.05722651136765411,
    -0.06573178119377529,
    -0.07898613852891687,
    -0.0015197564552914943,
    0.04586441856325936,
    -0.12163442067608171,
    -0.16756520570856653,
    -0.03391292157771038,
    0.1177879040898728,
    0.07787120397042087,
    0.07713681521678134,
    0.20121668128951184,
    0.07268255472448677,
    -0.09592662290286262,
    0.026916273838831602,
    -0.03907787514895536,
    -0.08493594265913341,
    0.029983302956589016,
    -0.018197835054586334
  ],
  "history": [
    {
      "generation": 0,
      "bestReward": -39.5,
      "meanReward": -54.22008333333324,
      "eliteMeanReward": -40
    },
    {
      "generation": 1,
      "bestReward": -38.949999999999996,
      "meanReward": -51.63499999999999,
      "eliteMeanReward": -39.779999999999994
    },
    {
      "generation": 2,
      "bestReward": -28.25166666666594,
      "meanReward": -95.80508333333331,
      "eliteMeanReward": -37.59033333333319
    },
    {
      "generation": 3,
      "bestReward": -39.24999999999999,
      "meanReward": -117.14258333333382,
      "eliteMeanReward": -39.629999999999995
    },
    {
      "generation": 4,
      "bestReward": 10.981666666668154,
      "meanReward": -83.19591666666656,
      "eliteMeanReward": -29.273666666666372
    },
    {
      "generation": 5,
      "bestReward": -39.3,
      "meanReward": -122.57750000000048,
      "eliteMeanReward": -39.66
    },
    {
      "generation": 6,
      "bestReward": 22.180000000001364,
      "meanReward": -98.1460833333332,
      "eliteMeanReward": -27.253999999999728
    },
    {
      "generation": 7,
      "bestReward": 10.781666666667492,
      "meanReward": -80.48591666666668,
      "eliteMeanReward": -29.243666666666503
    },
    {
      "generation": 8,
      "bestReward": -38.44999999999996,
      "meanReward": -52.202499999999965,
      "eliteMeanReward": -38.76999999999998
    },
    {
      "generation": 9,
      "bestReward": -38.69999999999996,
      "meanReward": -87.0984166666667,
      "eliteMeanReward": -38.89999999999999
    },
    {
      "generation": 10,
      "bestReward": -38.64999999999996,
      "meanReward": -58.22999999999995,
      "eliteMeanReward": -38.819999999999986
    },
    {
      "generation": 11,
      "bestReward": -27.601666666665945,
      "meanReward": -38.59258333333328,
      "eliteMeanReward": -36.420333333333154
    },
    {
      "generation": 12,
      "bestReward": -29.251666666665734,
      "meanReward": -75.34783333333307,
      "eliteMeanReward": -36.79033333333312
    },
    {
      "generation": 13,
      "bestReward": -38.54999999999996,
      "meanReward": -52.57249999999995,
      "eliteMeanReward": -38.669999999999966
    },
    {
      "generation": 14,
      "bestReward": 11.231666666667818,
      "meanReward": -43.54591666666657,
      "eliteMeanReward": -28.653666666666407
    },
    {
      "generation": 15,
      "bestReward": 11.831666666667678,
      "meanReward": -65.3159166666665,
      "eliteMeanReward": -28.603666666666435
    },
    {
      "generation": 16,
      "bestReward": -38.64999999999996,
      "meanReward": -65.76999999999991,
      "eliteMeanReward": -38.66999999999997
    },
    {
      "generation": 17,
      "bestReward": 11.731666666668064,
      "meanReward": -41.22091666666658,
      "eliteMeanReward": -28.613666666666365
    },
    {
      "generation": 18,
      "bestReward": -38.649999999999956,
      "meanReward": -51.89341666666654,
      "eliteMeanReward": -38.66999999999996
    },
    {
      "generation": 19,
      "bestReward": -38.54999999999997,
      "meanReward": -60.19999999999991,
      "eliteMeanReward": -38.64999999999996
    }
  ]
}