Filename,Generation,BestReward,MeanReward,EliteMean,AvgSigma,MinSigma,MaxSigma,CollapsedPct,ResourceScore,Turn_resDx,Turn_resDy,Turn_resVis,Thrust_resDx,Thrust_resDy,Thrust_resVis,Sense_resVis,Turn_wallMag,Thrust_wallMag,Turn_chi,Thrust_chi
gen4adapslime-policy-gen10.json,10,77.1489,-54.1853,4.2091,0.021723,0.010000,0.125521,37.50,0.040471,0.011766,0.070428,-0.049862,-0.085209,-0.034954,-0.119159,-0.004988,0.058550,-0.092575,0.001261,-0.162408
gen4adapslime-policy-gen20.json,20,77.1489,-68.9377,-37.7037,0.011802,0.010000,0.031058,60.42,0.040471,0.011766,0.070428,-0.049862,-0.085209,-0.034954,-0.119159,-0.004988,0.058550,-0.092575,0.001261,-0.162408
gen4adapslime-policy-gen30.json,30,77.1489,-68.6750,-37.5013,0.011338,0.010000,0.020769,66.67,0.040471,0.011766,0.070428,-0.049862,-0.085209,-0.034954,-0.119159,-0.004988,0.058550,-0.092575,0.001261,-0.162408
gen4adapslime-policy-gen40.json,40,77.1489,-61.4841,-16.7431,0.011026,0.010000,0.020039,72.92,0.040471,0.011766,0.070428,-0.049862,-0.085209,-0.034954,-0.119159,-0.004988,0.058550,-0.092575,0.001261,-0.162408
gen4adapslime-policy-gen50.json,50,77.1489,-73.7587,-57.7387,0.011219,0.010000,0.023952,68.75,0.040471,0.011766,0.070428,-0.049862,-0.085209,-0.034954,-0.119159,-0.004988,0.058550,-0.092575,0.001261,-0.162408
gen4adapslime-policy-gen60.json,60,77.1489,-73.5621,-50.7859,0.012283,0.010000,0.029216,58.33,0.040471,0.011766,0.070428,-0.049862,-0.085209,-0.034954,-0.119159,-0.004988,0.058550,-0.092575,0.001261,-0.162408