{
  "generation": 20,
  "mu": [
    -0.06395819957618828,
    0.18701859065540685,
    0.038383955447361215,
    0.11027730532138302,
    0.02741758966140237,
    -0.045614918396164716,
    -0.15362698271648684,
    -0.06545221642350948,
    -0.009986735443671374,
    -0.019020151291771304,
    -0.004072132515699838,
    0.006915248059910846,
    0.31448881494151276,
    -0.11341258686811162,
    -0.10302892526798713,
    -0.01691662505816168,
    0.09658821397109613,
    -0.17763928193253642,
    -0.010137113232946629,
    -0.04729633266425803,
    0.027989347973967616,
    -0.04038736833476356,
    0.0065802326961411795,
    0.11789939320318199,
    0.1820013560597819,
    -0.034464731729887586,
    -0.1801830365126535,
    0.11926189097478142,
    -0.029946890582806147,
    0.07219462906572718,
    0.021922302110172133,
    -0.0045922968284690556,
    -0.11036440833550057,
    -0.01532877405297831,
    0.02197463508436919,
    0.449500495580024,
    0.037791465946310526,
    0.14166406578376725,
    -0.00946044436412296,
    0.06652790355170493,
    0.03611422483423209,
    0.10567463219327237,
    -0.10128308523020504,
    0.0404406963501907,
    0.025412955212783,
    -0.011834305375387518,
    0.02434272133301336,
    -0.025980622977526922
  ],
  "sigma": [
    0.01,
    0.01,
    0.023496026350607213,
    0.01474370272000551,
    0.01,
    0.01,
    0.01,
    0.01,
    0.01,
    0.01,
    0.01,
    0.01,
    0.01,
    0.01,
    0.01,
    0.015217096393768328,
    0.01567443684242468,
    0.01415163684617458,
    0.01,
    0.02072894270701359,
    0.013493571891743772,
    0.01,
    0.016197907851365347,
    0.01,
    0.014774016847060742,
    0.01,
    0.012057069184870331,
    0.010146790018716172,
    0.01,
    0.012446657968576373,
    0.01540460638040463,
    0.01,
    0.014594856755951919,
    0.01,
    0.01,
    0.01,
    0.017306784839303403,
    0.011866357425354399,
    0.010250765825946175,
    0.015544493741787459,
    0.01,
    0.011471008562894203,
    0.01,
    0.01,
    0.012376281457309733,
    0.01,
    0.015653543863602504,
    0.010390057679916301
  ],
  "bestReward": 134.47675671974596,
  "bestWeights": [
    -0.1985295183572097,
    -0.03134421831785221,
    0.05001647839860551,
    0.06722489232202414,
    0.02841911394298517,
    -0.06599829175678446,
    -0.015224785604179059,
    -0.07586758496625493,
    -0.10844619682387513,
    0.006014081167137801,
    -0.04548457692843968,
    0.04779013192390017,
    0.10155455605596529,
    -0.07085271834183307,
    -0.08285720304992408,
    -0.040553923472737695,
    0.11627988069832912,
    0.15932544861123968,
    0.1964808775529435,
    0.01098094318389806,
    -0.07536444314827494,
    0.0020040176303011553,
    0.060837242142040705,
    0.0905857879001144,
    0.19642209796097118,
    -0.044515145069234145,
    -0.06695553265369056,
    0.15093976792371505,
    -0.04271104256360009,
    0.048632328209454984,
    -0.016546044694100617,
    -0.08027968233240393,
    -0.049564475776014,
    0.009021259511717974,
    0.00290293727154008,
    0.5904498279820757,
    -0.08288956510590126,
    0.14026188499678235,
    0.010935752391184004,
    0.03625186712154239,
    -0.0203696337245332,
    0.07894192750419002,
    -0.23402974388325137,
    0.08157261202728366,
    0.130009767106931,
    -0.05982264175899774,
    0.04656697868571915,
    0.008956333745257002
  ],
  "history": [
    {
      "generation": 0,
      "bestReward": -79.02970870320708,
      "meanReward": -117.87104868693787,
      "eliteMeanReward": -79.92476497933401
    },
    {
      "generation": 1,
      "bestReward": -75.29382596471237,
      "meanReward": -209.95309951558357,
      "eliteMeanReward": -78.62367343790494
    },
    {
      "generation": 2,
      "bestReward": 134.47675671974596,
      "meanReward": -152.76490395512502,
      "eliteMeanReward": -35.3691060257442
    },
    {
      "generation": 3,
      "bestReward": -62.301666666666534,
      "meanReward": -270.33920047179106,
      "eliteMeanReward": -74.73058377656534
    },
    {
      "generation": 4,
      "bestReward": -230.05641099228004,
      "meanReward": -833.1965496403761,
      "eliteMeanReward": -342.04540846147694
    },
    {
      "generation": 5,
      "bestReward": -180.44999999999936,
      "meanReward": -534.4941627993843,
      "eliteMeanReward": -209.48255208326995
    },
    {
      "generation": 6,
      "bestReward": -163.76697513127237,
      "meanReward": -555.514552058427,
      "eliteMeanReward": -235.03946571456692
    },
    {
      "generation": 7,
      "bestReward": -195.34474916997434,
      "meanReward": -475.9379323362379,
      "eliteMeanReward": -238.1145727988281
    },
    {
      "generation": 8,
      "bestReward": -224.51810587648976,
      "meanReward": -681.1424460124728,
      "eliteMeanReward": -299.9595340223151
    },
    {
      "generation": 9,
      "bestReward": -139.29999999999876,
      "meanReward": -485.63460997959237,
      "eliteMeanReward": -189.25691206722945
    },
    {
      "generation": 10,
      "bestReward": 7.231666666668421,
      "meanReward": -83.95545590204587,
      "eliteMeanReward": -62.33534764398678
    },
    {
      "generation": 11,
      "bestReward": 37.87426769416507,
      "meanReward": -70.91342307090508,
      "eliteMeanReward": -33.319861781753204
    },
    {
      "generation": 12,
      "bestReward": 30.43262486812104,
      "meanReward": -88.50934099813776,
      "eliteMeanReward": -51.719706454164154
    },
    {
      "generation": 13,
      "bestReward": 37.762629214702464,
      "meanReward": -69.55731322843494,
      "eliteMeanReward": -31.95608533398997
    },
    {
      "generation": 14,
      "bestReward": 32.66068251239286,
      "meanReward": -74.9178942130861,
      "eliteMeanReward": -55.702333063267496
    },
    {
      "generation": 15,
      "bestReward": 34.02787053720336,
      "meanReward": -81.19030896428067,
      "eliteMeanReward": -55.3866267003545
    },
    {
      "generation": 16,
      "bestReward": 40.07853030158498,
      "meanReward": -70.4260138690429,
      "eliteMeanReward": -20.636380630776063
    },
    {
      "generation": 17,
      "bestReward": 32.50426741568387,
      "meanReward": -73.32411995248616,
      "eliteMeanReward": -53.52387118388638
    },
    {
      "generation": 18,
      "bestReward": 34.5491041324001,
      "meanReward": -77.60650140314962,
      "eliteMeanReward": -32.68424525090173
    },
    {
      "generation": 19,
      "bestReward": 39.07146232988164,
      "meanReward": -89.60674155866744,
      "eliteMeanReward": -31.054024799442054
    }
  ]
}