{
  "generation": 20,
  "mu": [
    -0.1447023721693712,
    0.09468581487205151,
    0.057264463082802954,
    0.006357749469389562,
    0.07398220948058466,
    0.08239178116825141,
    -0.06598355855687063,
    -0.3945293395091102,
    0.03389150830457085,
    -0.006560465404795983,
    -0.11975865881294227,
    0.13628132494382414,
    0.01606125939945229,
    0.11822326284789782,
    0.10159153886434502,
    0.10024006914880645,
    -0.029533577123779624,
    -0.008666636059804242,
    0.028361714616940488,
    0.049532379631259435,
    -0.013676336858315463,
    0.010766831661197096,
    0.24685766701939554,
    -0.041495591139426066,
    -0.05334210735903907,
    0.1518158208571337,
    0.1078416009151297,
    0.09452794391128275,
    0.04257122850947716,
    -0.06122495854424601,
    -0.10838856045544194,
    -0.08902483960690726,
    -0.008264630550753004,
    0.04028094427685952,
    -0.0242904994778124,
    0.007922978072567421,
    -0.013637594209175704,
    -0.03137691791512407,
    -0.06947989070519714,
    -0.011536717700368484,
    -0.03234808061936064,
    0.0025602408446508997,
    0.01755756772471139,
    -0.00049787181511331,
    0.009392388163232557,
    0.009466604177272481,
    -0.03688435333698274,
    0.008089896044762955
  ],
  "sigma": [
    0.01,
    0.01,
    0.01,
    0.01,
    0.018563680693140645,
    0.01,
    0.011585163656513535,
    0.013107037801310142,
    0.011129257001517612,
    0.01,
    0.012984854530864193,
    0.011987535721244297,
    0.010711052430980694,
    0.012423510462983789,
    0.012078172780400126,
    0.011845004894639796,
    0.01,
    0.01,
    0.01,
    0.01,
    0.012337304183970142,
    0.01,
    0.01,
    0.01,
    0.01,
    0.01,
    0.01503454299908837,
    0.012182237973726903,
    0.011768103774847797,
    0.014092410833477167,
    0.013792824694638672,
    0.01423449406996643,
    0.01,
    0.01028690196946211,
    0.01,
    0.010112949676009338,
    0.013209169723556395,
    0.01,
    0.010797743207679967,
    0.01,
    0.01421807549279755,
    0.01,
    0.014367756848446506,
    0.01083868197137817,
    0.012296667671141334,
    0.01,
    0.010962232467310469,
    0.01
  ],
  "bestReward": 3813.834849215419,
  "bestWeights": [
    -0.1419356455508311,
    0.07946563018621877,
    0.0009749447252296317,
    0.018685181102668695,
    0.05414488226627129,
    0.07024629326206716,
    -0.08852620203643406,
    -0.35325532030971163,
    -0.0024893004431816353,
    -0.02422159326397002,
    -0.07853025331468821,
    0.1371731783635702,
    0.022247032879548344,
    0.1639665370901987,
    0.07997977225969449,
    0.4664284718019171,
    -0.02331479269683738,
    -0.004986486422443655,
    0.03582799055077431,
    0.006372699462684723,
    -0.019288997502415098,
    -0.06625599566709875,
    0.25558034739538693,
    -0.029072709292736913,
    -0.05138572348012727,
    0.22830444413145665,
    0.09588068906427068,
    0.053243274743617244,
    0.07638009106722347,
    -0.11552253569133825,
    -0.12424480644046787,
    -0.08867357482646507,
    -0.026271423052843704,
    0.051284932589625104,
    0.07088963985750577,
    0.03153326722401205,
    -0.06263403435638139,
    -0.01785027081453561,
    -0.04579177363734773,
    -0.03877229749757141,
    -0.07264579014487332,
    0.013093957638967552,
    0.029377858752651732,
    0.006677671567064591,
    -0.012447994294100862,
    -0.039875791989965215,
    0.006037317592687438,
    0.010923192846422295
  ],
  "history": [
    {
      "generation": 0,
      "bestReward": 1758.2035263757318,
      "meanReward": -49.037570052056275,
      "eliteMeanReward": 865.7944993712492
    },
    {
      "generation": 1,
      "bestReward": 1285.913753223887,
      "meanReward": 184.71557603875706,
      "eliteMeanReward": 900.5238964089046
    },
    {
      "generation": 2,
      "bestReward": 3247.6673058257456,
      "meanReward": 484.29454367341333,
      "eliteMeanReward": 1957.2010522841924
    },
    {
      "generation": 3,
      "bestReward": 2279.1291582468934,
      "meanReward": 645.4115940617515,
      "eliteMeanReward": 2144.0481522046643
    },
    {
      "generation": 4,
      "bestReward": 2566.033567708553,
      "meanReward": 60.20681599030122,
      "eliteMeanReward": 1588.6797846926188
    },
    {
      "generation": 5,
      "bestReward": 1955.9390172706137,
      "meanReward": 751.8448433214244,
      "eliteMeanReward": 1623.1121093500983
    },
    {
      "generation": 6,
      "bestReward": 3255.1475645233686,
      "meanReward": 1191.300487210109,
      "eliteMeanReward": 2446.177570776089
    },
    {
      "generation": 7,
      "bestReward": 3138.6131644163643,
      "meanReward": 1457.418095081046,
      "eliteMeanReward": 2529.5890942376122
    },
    {
      "generation": 8,
      "bestReward": 3813.834849215419,
      "meanReward": 1357.1423847879155,
      "eliteMeanReward": 2618.9399521861196
    },
    {
      "generation": 9,
      "bestReward": 3090.603736831045,
      "meanReward": 1520.098720704093,
      "eliteMeanReward": 2657.9924812187937
    },
    {
      "generation": 10,
      "bestReward": 3132.1512885250636,
      "meanReward": 1209.813782454804,
      "eliteMeanReward": 2379.3290206912884
    },
    {
      "generation": 11,
      "bestReward": 3314.696240398935,
      "meanReward": 1710.0897492267427,
      "eliteMeanReward": 2444.0775132379813
    },
    {
      "generation": 12,
      "bestReward": 3503.5501624446943,
      "meanReward": 1253.2254964930123,
      "eliteMeanReward": 2733.1780075808683
    },
    {
      "generation": 13,
      "bestReward": 3193.249598569987,
      "meanReward": 1865.072504473678,
      "eliteMeanReward": 2892.824609327306
    },
    {
      "generation": 14,
      "bestReward": 3049.813979865743,
      "meanReward": 1861.1520439861986,
      "eliteMeanReward": 2646.827675429133
    },
    {
      "generation": 15,
      "bestReward": 2775.6297215213376,
      "meanReward": 1082.1073595574492,
      "eliteMeanReward": 2196.7170285839006
    },
    {
      "generation": 16,
      "bestReward": 2354.466672533536,
      "meanReward": 1246.2125824461916,
      "eliteMeanReward": 2111.9350390395293
    },
    {
      "generation": 17,
      "bestReward": 2885.9939260005503,
      "meanReward": 1343.4639063700577,
      "eliteMeanReward": 2431.3663963579997
    },
    {
      "generation": 18,
      "bestReward": 3184.11445521916,
      "meanReward": 1789.8130024369398,
      "eliteMeanReward": 2698.1994656696106
    },
    {
      "generation": 19,
      "bestReward": 3460.3817171380433,
      "meanReward": 1123.212043390775,
      "eliteMeanReward": 2582.3259301311746
    }
  ]
}