{
  "generation": 90,
  "mu": [
    -0.09967816226279302,
    0.0024171800074779676,
    0.035693484381398924,
    -0.020785208235541884,
    0.030189583327118123,
    0.08985422926837015,
    -0.13253055626336074,
    -0.4583908800699662,
    -0.007626060341722271,
    0.043213583417061205,
    -0.08620590170753803,
    0.2083541584187746,
    0.03898514251465043,
    0.01240483090469106,
    0.08522090725522345,
    0.12059642273858087,
    0.017515997488169677,
    0.029875696479690333,
    -0.048522711969213754,
    0.018412629351074274,
    -0.022330967049520794,
    -0.008669101371120699,
    0.22660067725468985,
    -0.01692894763796324,
    -0.016428350877468124,
    0.16448680307440275,
    0.11310015623414146,
    0.07321834097872744,
    0.059155890950256564,
    0.04609778040988798,
    -0.1952410892063649,
    -0.11244478490671761,
    -0.037053657094577294,
    0.14298746336084553,
    0.06583141630676259,
    0.004547183852153786,
    -0.030155480300436237,
    -0.03696944907019782,
    -0.06268539128464252,
    -0.03277552196250346,
    -0.05343246361790429,
    -0.00634699941865223,
    -0.0034086904057685336,
    0.03728868234056721,
    0.07832466302065046,
    -0.0728939265542156,
    -0.013696004181966365,
    -0.04863028881050125
  ],
  "sigma": [
    0.019670337072711687,
    0.011675899762554958,
    0.01,
    0.01,
    0.01,
    0.01,
    0.01,
    0.01,
    0.012229099901238159,
    0.011119750010659598,
    0.01,
    0.01,
    0.016888502897219736,
    0.01,
    0.01,
    0.01,
    0.01,
    0.010182026696897167,
    0.016441264604292963,
    0.01,
    0.011595893256030767,
    0.01,
    0.015768219539250356,
    0.01,
    0.010795519011535592,
    0.01,
    0.01,
    0.01,
    0.01386044355915175,
    0.01,
    0.01,
    0.01,
    0.014367605696505586,
    0.012491478221443749,
    0.014108356658701218,
    0.01,
    0.031756700434190495,
    0.01,
    0.01,
    0.01,
    0.01,
    0.01689724396513919,
    0.01,
    0.010871599577859268,
    0.01,
    0.01,
    0.01,
    0.01
  ],
  "bestReward": 4343.639663623274,
  "bestWeights": [
    -0.10243555710298835,
    -0.0033527433393296877,
    0.05963555935775051,
    -0.014273089789765391,
    0.041474715527098666,
    0.09868672018446493,
    -0.12500268422063696,
    -0.44603283140668737,
    -0.01770261795585348,
    -0.0007884766428708587,
    -0.12393026766832552,
    0.200287351086134,
    0.05184451834999239,
    0.047162034994107954,
    0.06750566161261161,
    0.11549118513226113,
    -0.003474009232760188,
    0.028405353883592454,
    -0.049145463801242274,
    0.025135628316954747,
    0.020799204397201634,
    -0.00008581886958345828,
    0.22261021806437092,
    -0.02821198291237559,
    -0.04794763863152396,
    0.1443997497527262,
    0.12274675770863153,
    0.08074403152118385,
    0.06116359504530417,
    0.057174205241163296,
    -0.20566571540540665,
    -0.11420818909642982,
    -0.012354402008006683,
    0.11281444557900103,
    0.04475751634495068,
    -0.013733031245415882,
    -0.026888283758432503,
    -0.07363865740520063,
    -0.06905585092220366,
    -0.04994726844172025,
    -0.049858189795788835,
    -0.003555360808863147,
    0.00808553836868169,
    0.05570293460169687,
    0.035678935257499156,
    -0.05878689734785436,
    -0.0193598364662308,
    -0.05282085520920487
  ],
  "history": [
    {
      "generation": 0,
      "bestReward": 1758.2035263757318,
      "meanReward": -49.037570052056275,
      "eliteMeanReward": 865.7944993712492
    },
    {
      "generation": 1,
      "bestReward": 1285.913753223887,
      "meanReward": 184.71557603875706,
      "eliteMeanReward": 900.5238964089046
    },
    {
      "generation": 2,
      "bestReward": 3247.6673058257456,
      "meanReward": 484.29454367341333,
      "eliteMeanReward": 1957.2010522841924
    },
    {
      "generation": 3,
      "bestReward": 2279.1291582468934,
      "meanReward": 645.4115940617515,
      "eliteMeanReward": 2144.0481522046643
    },
    {
      "generation": 4,
      "bestReward": 2566.033567708553,
      "meanReward": 60.20681599030122,
      "eliteMeanReward": 1588.6797846926188
    },
    {
      "generation": 5,
      "bestReward": 1955.9390172706137,
      "meanReward": 751.8448433214244,
      "eliteMeanReward": 1623.1121093500983
    },
    {
      "generation": 6,
      "bestReward": 3255.1475645233686,
      "meanReward": 1191.300487210109,
      "eliteMeanReward": 2446.177570776089
    },
    {
      "generation": 7,
      "bestReward": 3138.6131644163643,
      "meanReward": 1457.418095081046,
      "eliteMeanReward": 2529.5890942376122
    },
    {
      "generation": 8,
      "bestReward": 3813.834849215419,
      "meanReward": 1357.1423847879155,
      "eliteMeanReward": 2618.9399521861196
    },
    {
      "generation": 9,
      "bestReward": 3090.603736831045,
      "meanReward": 1520.098720704093,
      "eliteMeanReward": 2657.9924812187937
    },
    {
      "generation": 10,
      "bestReward": 3132.1512885250636,
      "meanReward": 1209.813782454804,
      "eliteMeanReward": 2379.3290206912884
    },
    {
      "generation": 11,
      "bestReward": 3314.696240398935,
      "meanReward": 1710.0897492267427,
      "eliteMeanReward": 2444.0775132379813
    },
    {
      "generation": 12,
      "bestReward": 3503.5501624446943,
      "meanReward": 1253.2254964930123,
      "eliteMeanReward": 2733.1780075808683
    },
    {
      "generation": 13,
      "bestReward": 3193.249598569987,
      "meanReward": 1865.072504473678,
      "eliteMeanReward": 2892.824609327306
    },
    {
      "generation": 14,
      "bestReward": 3049.813979865743,
      "meanReward": 1861.1520439861986,
      "eliteMeanReward": 2646.827675429133
    },
    {
      "generation": 15,
      "bestReward": 2775.6297215213376,
      "meanReward": 1082.1073595574492,
      "eliteMeanReward": 2196.7170285839006
    },
    {
      "generation": 16,
      "bestReward": 2354.466672533536,
      "meanReward": 1246.2125824461916,
      "eliteMeanReward": 2111.9350390395293
    },
    {
      "generation": 17,
      "bestReward": 2885.9939260005503,
      "meanReward": 1343.4639063700577,
      "eliteMeanReward": 2431.3663963579997
    },
    {
      "generation": 18,
      "bestReward": 3184.11445521916,
      "meanReward": 1789.8130024369398,
      "eliteMeanReward": 2698.1994656696106
    },
    {
      "generation": 19,
      "bestReward": 3460.3817171380433,
      "meanReward": 1123.212043390775,
      "eliteMeanReward": 2582.3259301311746
    },
    {
      "generation": 20,
      "bestReward": 2681.065522661296,
      "meanReward": 1291.0765781472005,
      "eliteMeanReward": 2349.08366542216
    },
    {
      "generation": 21,
      "bestReward": 2844.1632938740877,
      "meanReward": 1492.5883000889767,
      "eliteMeanReward": 2558.656895696782
    },
    {
      "generation": 22,
      "bestReward": 2921.5703303456885,
      "meanReward": 1219.0733795711326,
      "eliteMeanReward": 2239.2126198125693
    },
    {
      "generation": 23,
      "bestReward": 2689.9754449158368,
      "meanReward": 1449.087067871371,
      "eliteMeanReward": 2423.2335608262997
    },
    {
      "generation": 24,
      "bestReward": 3506.383292794723,
      "meanReward": 1499.5427077839136,
      "eliteMeanReward": 2727.4302292071466
    },
    {
      "generation": 25,
      "bestReward": 2700.64033426295,
      "meanReward": 1501.3805683543146,
      "eliteMeanReward": 2516.031571555717
    },
    {
      "generation": 26,
      "bestReward": 2920.0484339268205,
      "meanReward": 1336.2042167868217,
      "eliteMeanReward": 2568.115399641228
    },
    {
      "generation": 27,
      "bestReward": 2981.163499007832,
      "meanReward": 1151.5026962548989,
      "eliteMeanReward": 2132.108057335471
    },
    {
      "generation": 28,
      "bestReward": 3234.095176702392,
      "meanReward": 1280.6715822640476,