{
  "generation": 50,
  "mu": [
    -0.12309658701124766,
    0.07381645469906158,
    0.07296081647797682,
    -0.010291117142041936,
    0.06929555195497097,
    0.08603256885822369,
    -0.0944768655120767,
    -0.45536502609047524,
    -0.008551059946069159,
    0.019422497513880997,
    -0.1342813569113887,
    0.17282290946647466,
    0.00028511290681770753,
    0.06633763822813046,
    0.04987401210646357,
    0.11189819685392559,
    -0.0053686518765640855,
    -0.011184021880065226,
    0.0014028461976871981,
    0.01011636099977504,
    -0.0012551590189690733,
    -0.006229868069339922,
    0.2064761768902017,
    -0.03471067106197835,
    -0.044669221808376514,
    0.16123337896354037,
    0.1026791406232439,
    0.10165191814423406,
    0.00983017856007695,
    0.0018320132310848734,
    -0.17181668415473653,
    -0.12748207530581604,
    0.0292396263975106,
    0.05006900769387433,
    0.026245188015374805,
    0.005304137855740726,
    -0.023940477940183717,
    -0.034624246829505836,
    -0.09453771147562373,
    -0.0056614835388978406,
    -0.10324558878718107,
    0.01954859821826774,
    0.008752758255639953,
    0.02164876655398718,
    0.01814228747110455,
    -0.02293671701844985,
    -0.008738516403839958,
    -0.03164890803771081
  ],
  "sigma": [
    0.01,
    0.01,
    0.01,
    0.01,
    0.010147176064214716,
    0.011006784300926229,
    0.01096323437716551,
    0.01,
    0.01,
    0.01,
    0.01323881765374723,
    0.01,
    0.010117670253973234,
    0.012058366091050678,
    0.011525476779530213,
    0.01,
    0.01,
    0.01,
    0.01,
    0.01,
    0.01,
    0.026212649317683162,
    0.01,
    0.01,
    0.01,
    0.01,
    0.01,
    0.01,
    0.0159589813111517,
    0.012609623949664204,
    0.023384998763617305,
    0.01,
    0.01,
    0.01,
    0.01262298269804653,
    0.01,
    0.01,
    0.01,
    0.010202588675527053,
    0.01,
    0.01,
    0.013091655960439484,
    0.012210965185857207,
    0.01,
    0.01,
    0.01,
    0.01,
    0.01
  ],
  "bestReward": 3883.062529586134,
  "bestWeights": [
    -0.13104958107873144,
    0.06264787775354597,
    0.0724128147829188,
    0.010600724664470249,
    0.08026813641653875,
    0.08076364922617991,
    -0.07491516446930775,
    -0.4561461926856111,
    0.0006107484373708959,
    0.02035840807344697,
    -0.14394787096410022,
    0.15670185006994897,
    -0.016905302179204603,
    0.06170922270530274,
    0.0334757186912688,
    0.1225114133777522,
    -0.0022193658696818067,
    -0.009937264562375956,
    0.01793519062970726,
    0.01539301804774229,
    -0.01330480290302109,
    -0.004053987434831924,
    0.22229045520103785,
    -0.03256324253783513,
    -0.04540820659764739,
    0.15674681045296254,
    0.10263145062273121,
    0.09198904066310805,
    0.015619128925797029,
    -0.022592562004947542,
    -0.11825102244658124,
    -0.14597100312372524,
    0.0026274322401105728,
    0.05741194149261919,
    0.0031665459135279926,
    0.018412533248595805,
    -0.048445304762482475,
    -0.028535899275149868,
    -0.11468758752517413,
    -0.020078097882723436,
    -0.09961117871684251,
    -0.010772404320519407,
    0.012484346557682876,
    0.02741212420936104,
    0.022875887226595257,
    -0.01289660306272226,
    -0.00545325706772646,
    -0.03136017402416368
  ],
  "history": [
    {
      "generation": 0,
      "bestReward": 1758.2035263757318,
      "meanReward": -49.037570052056275,
      "eliteMeanReward": 865.7944993712492
    },
    {
      "generation": 1,
      "bestReward": 1285.913753223887,
      "meanReward": 184.71557603875706,
      "eliteMeanReward": 900.5238964089046
    },
    {
      "generation": 2,
      "bestReward": 3247.6673058257456,
      "meanReward": 484.29454367341333,
      "eliteMeanReward": 1957.2010522841924
    },
    {
      "generation": 3,
      "bestReward": 2279.1291582468934,
      "meanReward": 645.4115940617515,
      "eliteMeanReward": 2144.0481522046643
    },
    {
      "generation": 4,
      "bestReward": 2566.033567708553,
      "meanReward": 60.20681599030122,
      "eliteMeanReward": 1588.6797846926188
    },
    {
      "generation": 5,
      "bestReward": 1955.9390172706137,
      "meanReward": 751.8448433214244,
      "eliteMeanReward": 1623.1121093500983
    },
    {
      "generation": 6,
      "bestReward": 3255.1475645233686,
      "meanReward": 1191.300487210109,
      "eliteMeanReward": 2446.177570776089
    },
    {
      "generation": 7,
      "bestReward": 3138.6131644163643,
      "meanReward": 1457.418095081046,
      "eliteMeanReward": 2529.5890942376122
    },
    {
      "generation": 8,
      "bestReward": 3813.834849215419,
      "meanReward": 1357.1423847879155,
      "eliteMeanReward": 2618.9399521861196
    },
    {
      "generation": 9,
      "bestReward": 3090.603736831045,
      "meanReward": 1520.098720704093,
      "eliteMeanReward": 2657.9924812187937
    },
    {
      "generation": 10,
      "bestReward": 3132.1512885250636,
      "meanReward": 1209.813782454804,
      "eliteMeanReward": 2379.3290206912884
    },
    {
      "generation": 11,
      "bestReward": 3314.696240398935,
      "meanReward": 1710.0897492267427,
      "eliteMeanReward": 2444.0775132379813
    },
    {
      "generation": 12,
      "bestReward": 3503.5501624446943,
      "meanReward": 1253.2254964930123,
      "eliteMeanReward": 2733.1780075808683
    },
    {
      "generation": 13,
      "bestReward": 3193.249598569987,
      "meanReward": 1865.072504473678,
      "eliteMeanReward": 2892.824609327306
    },
    {
      "generation": 14,
      "bestReward": 3049.813979865743,
      "meanReward": 1861.1520439861986,
      "eliteMeanReward": 2646.827675429133
    },
    {
      "generation": 15,
      "bestReward": 2775.6297215213376,
      "meanReward": 1082.1073595574492,
      "eliteMeanReward": 2196.7170285839006
    },
    {
      "generation": 16,
      "bestReward": 2354.466672533536,
      "meanReward": 1246.2125824461916,
      "eliteMeanReward": 2111.9350390395293
    },
    {
      "generation": 17,
      "bestReward": 2885.9939260005503,
      "meanReward": 1343.4639063700577,
      "eliteMeanReward": 2431.3663963579997
    },
    {
      "generation": 18,
      "bestReward": 3184.11445521916,
      "meanReward": 1789.8130024369398,
      "eliteMeanReward": 2698.1994656696106
    },
    {
      "generation": 19,
      "bestReward": 3460.3817171380433,
      "meanReward": 1123.212043390775,
      "eliteMeanReward": 2582.3259301311746
    },
    {
      "generation": 20,
      "bestReward": 2681.065522661296,
      "meanReward": 1291.0765781472005,
      "eliteMeanReward": 2349.08366542216
    },
    {
      "generation": 21,
      "bestReward": 2844.1632938740877,
      "meanReward": 1492.5883000889767,
      "eliteMeanReward": 2558.656895696782
    },
    {
      "generation": 22,
      "bestReward": 2921.5703303456885,
      "meanReward": 1219.0733795711326,
      "eliteMeanReward": 2239.2126198125693
    },
    {
      "generation": 23,
      "bestReward": 2689.9754449158368,
      "meanReward": 1449.087067871371,
      "eliteMeanReward": 2423.2335608262997
    },
    {
      "generation": 24,
      "bestReward": 3506.383292794723,
      "meanReward": 1499.5427077839136,
      "eliteMeanReward": 2727.4302292071466
    },
    {
      "generation": 25,
      "bestReward": 2700.64033426295,
      "meanReward": 1501.3805683543146,
      "eliteMeanReward": 2516.031571555717
    },
    {
      "generation": 26,
      "bestReward": 2920.0484339268205,
      "meanReward": 1336.2042167868217,
      "eliteMeanReward": 2568.115399641228
    },
    {
      "generation": 27,
      "bestReward": 2981.163499007832,
      "meanReward": 1151.5026962548989,
      "eliteMeanReward": 2132.108057335471
    },
    {
      "generation": 28,
      "bestReward": 3234.095176702392,
      "meanReward": 1280.6715822640476,
      "eliteMeanReward": 2610.331637799207
    },
    {
      "generation": 29,