{
  "generation": 70,
  "mu": [
    -0.13577614390050635,
    0.063765795867791,
    0.05906842079177441,
    -0.02590181538248105,
    0.05841338560329103,
    0.07462130430856431,
    -0.11062570354970251,
    -0.457874842487778,
    -0.030632382596039447,
    0.010885587738528608,
    -0.12539271972781899,
    0.2010564611553262,
    0.025981948546793247,
    0.052265913271027864,
    0.06385646925428072,
    0.12284374768055051,
    0.009034247132716252,
    -0.02494507650293696,
    -0.024564922170295787,
    0.007941232287193888,
    -0.0023126131560186384,
    0.013441261602732315,
    0.21617443952727405,
    -0.015727693397648533,
    -0.033759445678264347,
    0.1515346990687188,
    0.1051677109757588,
    0.12193198666913352,
    0.05756623584628332,
    0.028798300555249345,
    -0.21642279356595936,
    -0.11330514724847156,
    0.023311052756541092,
    0.10768333219812454,
    0.03448485534721997,
    -0.004570194636079119,
    -0.02530087111453817,
    -0.04610118168115946,
    -0.07701613329577586,
    -0.03998153809122922,
    -0.07008519712572572,
    0.02533161594017701,
    0.017745440463765538,
    0.052844437694490834,
    0.041060204574963836,
    -0.08923599485337722,
    -0.014563377497820437,
    -0.026760833840708043
  ],
  "sigma": [
    0.01,
    0.01,
    0.01,
    0.01,
    0.01,
    0.01,
    0.010760957867172372,
    0.01,
    0.01,
    0.012365587467139567,
    0.01,
    0.011233483600988567,
    0.01,
    0.01,
    0.013652847099291762,
    0.016142662706789924,
    0.01,
    0.017197384575616433,
    0.01,
    0.01242211006254733,
    0.01,
    0.014321278261073168,
    0.01,
    0.01,
    0.01,
    0.01,
    0.01,
    0.010000639367339133,
    0.01616752634944428,
    0.01099980912526721,
    0.010703360821400663,
    0.01,
    0.011623626505029582,
    0.01,
    0.01,
    0.01,
    0.01,
    0.01,
    0.01,
    0.01,
    0.01,
    0.01,
    0.01,
    0.01,
    0.01,
    0.01414696928776361,
    0.01102832307806486,
    0.01626567605626492
  ],
  "bestReward": 4099.042604480056,
  "bestWeights": [
    -0.1421448891997394,
    0.04814359108386934,
    0.07133828898963761,
    -0.01432732226641588,
    0.07816950300944375,
    0.09931602970357088,
    -0.14230426001004662,
    -0.4427141751579261,
    -0.012968978593493802,
    0.020175946036479785,
    -0.11104889846326636,
    0.1744414544496321,
    -0.016214928996761555,
    0.04795469182754456,
    0.052646617152723646,
    0.11286911385315361,
    -0.0033197879099151895,
    -0.005961314800753751,
    -0.0159791245304826,
    0.015681868788064924,
    0.00403979775609443,
    0.028538475326915353,
    0.21081070624438872,
    -0.05447150359754712,
    -0.018343347632332932,
    0.1630965524021578,
    0.12510509980835807,
    0.08782461072685614,
    0.039632983399911566,
    0.03179004880137439,
    -0.2084028608201797,
    -0.12549400855729284,
    0.027999978589279148,
    0.08087817999652264,
    0.017592559712643285,
    -0.004749717821149867,
    -0.0002749011146068181,
    -0.03937979925948989,
    -0.08671569335306163,
    -0.034149014176914974,
    -0.07777189072291826,
    0.03362172797786444,
    -0.002358965963251635,
    0.06231428132581493,
    0.009031059083829703,
    -0.06770713262100163,
    -0.016018875093077943,
    -0.028967319646866836
  ],
  "history": [
    {
      "generation": 0,
      "bestReward": 1758.2035263757318,
      "meanReward": -49.037570052056275,
      "eliteMeanReward": 865.7944993712492
    },
    {
      "generation": 1,
      "bestReward": 1285.913753223887,
      "meanReward": 184.71557603875706,
      "eliteMeanReward": 900.5238964089046
    },
    {
      "generation": 2,
      "bestReward": 3247.6673058257456,
      "meanReward": 484.29454367341333,
      "eliteMeanReward": 1957.2010522841924
    },
    {
      "generation": 3,
      "bestReward": 2279.1291582468934,
      "meanReward": 645.4115940617515,
      "eliteMeanReward": 2144.0481522046643
    },
    {
      "generation": 4,
      "bestReward": 2566.033567708553,
      "meanReward": 60.20681599030122,
      "eliteMeanReward": 1588.6797846926188
    },
    {
      "generation": 5,
      "bestReward": 1955.9390172706137,
      "meanReward": 751.8448433214244,
      "eliteMeanReward": 1623.1121093500983
    },
    {
      "generation": 6,
      "bestReward": 3255.1475645233686,
      "meanReward": 1191.300487210109,
      "eliteMeanReward": 2446.177570776089
    },
    {
      "generation": 7,
      "bestReward": 3138.6131644163643,
      "meanReward": 1457.418095081046,
      "eliteMeanReward": 2529.5890942376122
    },
    {
      "generation": 8,
      "bestReward": 3813.834849215419,
      "meanReward": 1357.1423847879155,
      "eliteMeanReward": 2618.9399521861196
    },
    {
      "generation": 9,
      "bestReward": 3090.603736831045,
      "meanReward": 1520.098720704093,
      "eliteMeanReward": 2657.9924812187937
    },
    {
      "generation": 10,
      "bestReward": 3132.1512885250636,
      "meanReward": 1209.813782454804,
      "eliteMeanReward": 2379.3290206912884
    },
    {
      "generation": 11,
      "bestReward": 3314.696240398935,
      "meanReward": 1710.0897492267427,
      "eliteMeanReward": 2444.0775132379813
    },
    {
      "generation": 12,
      "bestReward": 3503.5501624446943,
      "meanReward": 1253.2254964930123,
      "eliteMeanReward": 2733.1780075808683
    },
    {
      "generation": 13,
      "bestReward": 3193.249598569987,
      "meanReward": 1865.072504473678,
      "eliteMeanReward": 2892.824609327306
    },
    {
      "generation": 14,
      "bestReward": 3049.813979865743,
      "meanReward": 1861.1520439861986,
      "eliteMeanReward": 2646.827675429133
    },
    {
      "generation": 15,
      "bestReward": 2775.6297215213376,
      "meanReward": 1082.1073595574492,
      "eliteMeanReward": 2196.7170285839006
    },
    {
      "generation": 16,
      "bestReward": 2354.466672533536,
      "meanReward": 1246.2125824461916,
      "eliteMeanReward": 2111.9350390395293
    },
    {
      "generation": 17,
      "bestReward": 2885.9939260005503,
      "meanReward": 1343.4639063700577,
      "eliteMeanReward": 2431.3663963579997
    },
    {
      "generation": 18,
      "bestReward": 3184.11445521916,
      "meanReward": 1789.8130024369398,
      "eliteMeanReward": 2698.1994656696106
    },
    {
      "generation": 19,
      "bestReward": 3460.3817171380433,
      "meanReward": 1123.212043390775,
      "eliteMeanReward": 2582.3259301311746
    },
    {
      "generation": 20,
      "bestReward": 2681.065522661296,
      "meanReward": 1291.0765781472005,
      "eliteMeanReward": 2349.08366542216
    },
    {
      "generation": 21,
      "bestReward": 2844.1632938740877,
      "meanReward": 1492.5883000889767,
      "eliteMeanReward": 2558.656895696782
    },
    {
      "generation": 22,
      "bestReward": 2921.5703303456885,
      "meanReward": 1219.0733795711326,
      "eliteMeanReward": 2239.2126198125693
    },
    {
      "generation": 23,
      "bestReward": 2689.9754449158368,
      "meanReward": 1449.087067871371,
      "eliteMeanReward": 2423.2335608262997
    },
    {
      "generation": 24,
      "bestReward": 3506.383292794723,
      "meanReward": 1499.5427077839136,
      "eliteMeanReward": 2727.4302292071466
    },
    {
      "generation": 25,
      "bestReward": 2700.64033426295,
      "meanReward": 1501.3805683543146,
      "eliteMeanReward": 2516.031571555717
    },
    {
      "generation": 26,
      "bestReward": 2920.0484339268205,
      "meanReward": 1336.2042167868217,
      "eliteMeanReward": 2568.115399641228
    },
    {
      "generation": 27,
      "bestReward": 2981.163499007832,
      "meanReward": 1151.5026962548989,
      "eliteMeanReward": 2132.108057335471
    },
    {
      "generation": 28,
      "bestReward": 3234.095176702392,
      "meanReward": 1280.6715822640476,
      "eliteMeanReward": 2610.331637799207
    },
    {
      "generation": 29,