{
  "generation": 60,
  "mu": [
    -0.017632150674306957,
    -0.023525142139744937,
    -0.07111357849453305,
    0.06952147320514393,
    0.04455053115976604,
    0.2930470546253893,
    -0.1102476365648758,
    0.07972780793312614,
    -0.07193259416434321,
    -0.08507053185923771,
    -0.041886244793847234,
    0.03782956622200183,
    0.046493524269048306,
    0.008435933882446057,
    0.1001278584880669,
    0.23582549717966123,
    -0.004460655336352743,
    0.009761442198199837,
    -0.0385476682516767,
    -0.009938905729604973,
    -0.0548705520512057,
    0.1327014009527156,
    0.0017722241232026154,
    -0.11363391627086177,
    0.04136461049789455,
    -0.08812502193205915,
    0.010359958497375804,
    0.03756338732561124,
    -0.09890316227029725,
    0.1370448528067066,
    0.036093784828291314,
    -0.27489327564818866,
    -0.03328567436959401,
    0.057910685259951813,
    0.09599213523441555,
    0.05961928272492685,
    -0.004368733661786218,
    -0.009250563390423187,
    -0.02638406147698147,
    0.016280900460139056,
    -0.06456760901753097,
    0.25151323280652044,
    -0.054829952658457394,
    0.0396185315669316,
    -0.2579707797514436,
    -0.00006660615773049816,
    0.09996614121159772,
    -0.06804166206825243
  ],
  "sigma": [
    0.01,
    0.01,
    0.016424096699501997,
    0.010326618658368892,
    0.01,
    0.01,
    0.013968758612642787,
    0.01,
    0.01,
    0.010693787931720974,
    0.01,
    0.01,
    0.012268414427803272,
    0.01,
    0.01131517327131727,
    0.011067504049747125,
    0.01,
    0.0134650047390959,
    0.01,
    0.01,
    0.010335473575626825,
    0.010556122123621918,
    0.01,
    0.01,
    0.01075720528568909,
    0.014735381337291409,
    0.01,
    0.01,
    0.01,
    0.017217694965084636,
    0.01310810677616807,
    0.01,
    0.017673038577260675,
    0.017849709660854512,
    0.01490881671856114,
    0.01,
    0.01,
    0.01,
    0.01264347431422166,
    0.01,
    0.01,
    0.01,
    0.01,
    0.016272224643528597,
    0.014194843185574315,
    0.01,
    0.01,
    0.01
  ],
  "bestReward": 2020.4679582265933,
  "bestWeights": [
    -0.03606059629211169,
    -0.05880947066882903,
    -0.04236692288116384,
    0.10447924823408533,
    0.03350123711750462,
    0.3025016574607601,
    -0.10061503283912958,
    0.10796410364230336,
    -0.10631641986926964,
    -0.08322957367296158,
    -0.044054423380803176,
    0.08045387813772953,
    0.04427862496818865,
    0.03252295336276537,
    0.11132319596987354,
    0.22026346651977807,
    -0.02328216406585475,
    -0.004807492415806393,
    -0.05326407021283186,
    -0.000747147435766593,
    -0.05879319919995854,
    0.11770978911765187,
    -0.07299071333408354,
    -0.08182221342720544,
    0.02138168703438811,
    -0.06342307316454816,
    -0.011374629404704946,
    0.03721836266581044,
    -0.0820353347106442,
    0.13243402697593554,
    0.06671830255777694,
    -0.24713713162329462,
    -0.06394529672188361,
    0.060943743200910894,
    0.0715118728273814,
    0.048495202099002765,
    -0.009079477986413108,
    -0.019027925588273008,
    -0.03374841809790165,
    0.03108900278449273,
    -0.05517578667987347,
    0.23821830920155024,
    -0.0736756651606679,
    0.003807440196993366,
    -0.26417662299438255,
    -0.02008897352758692,
    0.1116051662689375,
    -0.054563634770164925
  ],
  "history": [
    {
      "generation": 0,
      "bestReward": 767.9535482290211,
      "meanReward": 65.46379749491254,
      "eliteMeanReward": 466.6213141745252
    },
    {
      "generation": 1,
      "bestReward": 1196.4514151597157,
      "meanReward": 173.05468617080027,
      "eliteMeanReward": 488.3443637927674
    },
    {
      "generation": 2,
      "bestReward": 663.5469362437433,
      "meanReward": 231.0143841841206,
      "eliteMeanReward": 537.2496687232525
    },
    {
      "generation": 3,
      "bestReward": 617.3999999999492,
      "meanReward": 123.82226915027547,
      "eliteMeanReward": 465.3489837761602
    },
    {
      "generation": 4,
      "bestReward": 1098.8254502291497,
      "meanReward": 256.0361409923558,
      "eliteMeanReward": 825.9343036569401
    },
    {
      "generation": 5,
      "bestReward": 1465.360000000164,
      "meanReward": 540.5821656461856,
      "eliteMeanReward": 1004.0001738337442
    },
    {
      "generation": 6,
      "bestReward": 1204.4532886260179,
      "meanReward": 607.5560053872689,
      "eliteMeanReward": 1086.8091365234486
    },
    {
      "generation": 7,
      "bestReward": 1499.2833790776806,
      "meanReward": 750.3311033533805,
      "eliteMeanReward": 1297.2044417281018
    },
    {
      "generation": 8,
      "bestReward": 1266.0107768621317,
      "meanReward": 660.6316194204135,
      "eliteMeanReward": 1064.3209364369795
    },
    {
      "generation": 9,
      "bestReward": 1335.226458068428,
      "meanReward": 745.0801947285811,
      "eliteMeanReward": 1077.8873477677203
    },
    {
      "generation": 10,
      "bestReward": 1553.2045992703602,
      "meanReward": 801.5441168916379,
      "eliteMeanReward": 1165.1256917660085
    },
    {
      "generation": 11,
      "bestReward": 1337.843139869954,
      "meanReward": 796.559225987369,
      "eliteMeanReward": 1122.0233745102753
    },
    {
      "generation": 12,
      "bestReward": 1612.399025974153,
      "meanReward": 798.0310902344811,
      "eliteMeanReward": 1177.5906378720888
    },
    {
      "generation": 13,
      "bestReward": 1242.4102243450077,
      "meanReward": 819.8579591297351,
      "eliteMeanReward": 1114.7269751877948
    },
    {
      "generation": 14,
      "bestReward": 1462.358676874562,
      "meanReward": 763.5032636031183,
      "eliteMeanReward": 977.0597667158366
    },
    {
      "generation": 15,
      "bestReward": 1349.57031196163,
      "meanReward": 779.7889691871306,
      "eliteMeanReward": 1214.3346689903278
    },
    {
      "generation": 16,
      "bestReward": 1283.0929740227068,
      "meanReward": 790.8731490395342,
      "eliteMeanReward": 1119.718546423342
    },
    {
      "generation": 17,
      "bestReward": 1344.190100253109,
      "meanReward": 894.1620021687547,
      "eliteMeanReward": 1198.9461961713491
    },
    {
      "generation": 18,
      "bestReward": 1276.155302294174,
      "meanReward": 852.2840807701268,
      "eliteMeanReward": 1088.8239623552272
    },
    {
      "generation": 19,
      "bestReward": 1556.9372802196676,
      "meanReward": 1012.6559615748085,
      "eliteMeanReward": 1358.9325216535121
    },
    {
      "generation": 20,
      "bestReward": 1251.4339254089089,
      "meanReward": 879.5530331213955,
      "eliteMeanReward": 1073.9977119526409
    },
    {
      "generation": 21,
      "bestReward": 1517.4038840718708,
      "meanReward": 942.7909137438962,
      "eliteMeanReward": 1353.9239876337645
    },
    {
      "generation": 22,
      "bestReward": 1531.7199999999987,
      "meanReward": 804.8639609335099,
      "eliteMeanReward": 1095.7479572349482
    },
    {
      "generation": 23,
      "bestReward": 1578.8321453527437,
      "meanReward": 855.9980860870695,
      "eliteMeanReward": 1185.0494203743024
    },
    {
      "generation": 24,
      "bestReward": 1633.5954108216954,
      "meanReward": 821.9505178146983,
      "eliteMeanReward": 1136.0064282944727
    },
    {
      "generation": 25,
      "bestReward": 1573.9381130955196,
      "meanReward": 895.5214449161392,
      "eliteMeanReward": 1224.0323920256756
    },
    {
      "generation": 26,
      "bestReward": 1488.5794585951573,
      "meanReward": 935.4844645439167,
      "eliteMeanReward": 1299.415133355919
    },
    {
      "generation": 27,
      "bestReward": 1392.376587125121,
      "meanReward": 912.282486585367,
      "eliteMeanReward": 1271.3042476831436
    },
    {
      "generation": 28,
      "bestReward": 1349.7650313831991,
      "meanReward": 696.5625492668423,