{
  "generation": 30,
  "mu": [
    0.030790362949320377,
    -0.023138246818050934,
    -0.005820995339815928,
    0.08606711953448146,
    0.0764517616079505,
    -0.08138803572810815,
    0.48086365670129433,
    -0.06552199095089063,
    -0.10761091726536993,
    0.025846169714627977,
    -0.12405524006705995,
    0.15618359317431146,
    -0.20330268226427325,
    0.026149803350750088,
    0.10105341387619812,
    -0.06874713606976264,
    -0.04080414813507487,
    0.016578800871656467,
    0.19008592231674498,
    0.0539844017308023,
    0.2303223328218543,
    0.06645490521641798,
    0.060056250838395386,
    0.000361630815326662,
    0.0398020568122608,
    -0.026851639470296722,
    -0.18470361380435243,
    0.0005577309168468888,
    -0.029273617639374732,
    -0.10484651287181346,
    -0.07385003464933412,
    -0.010578400726870867,
    -0.059674573298315124,
    -0.03414562903999799,
    -0.12708333514193706,
    -0.10753159707426677,
    -0.0395037628808822,
    -0.00003785744550719294,
    -0.19410972919605146,
    0.009458265863535712,
    0.13509444276637073,
    0.04974131934242552,
    -0.027196880914985892,
    -0.08908066141890454,
    -0.007936038806784219,
    0.1333225775809891,
    -0.04048298788558394,
    -0.09884317313652305
  ],
  "sigma": [
    0.01,
    0.010428347869870324,
    0.012279799355933757,
    0.01,
    0.01,
    0.04490845315414714,
    0.01,
    0.017215579405243275,
    0.01,
    0.01,
    0.01,
    0.01,
    0.01,
    0.01438906435698447,
    0.010640498513844304,
    0.01,
    0.011049754351511131,
    0.01,
    0.010377698110258413,
    0.01,
    0.010350685644207512,
    0.01,
    0.010527923996278325,
    0.011518676208976012,
    0.012171243753784101,
    0.01,
    0.012474257052576265,
    0.01,
    0.01,
    0.014935910264651006,
    0.01,
    0.013879263807151503,
    0.01,
    0.01,
    0.016204108514527537,
    0.01,
    0.01,
    0.01,
    0.01,
    0.01,
    0.011338667862849646,
    0.011730516040789467,
    0.015818342790415118,
    0.01,
    0.01037903355089837,
    0.01,
    0.014092662296653612,
    0.01
  ],
  "bestReward": 1895.9711914481686,
  "bestWeights": [
    0.03751748476693631,
    -0.02071109542030863,
    0.0225636564581543,
    0.09546600972856183,
    0.0581426957582397,
    -0.10049811677095419,
    0.49881812815956683,
    -0.04494102159365086,
    -0.09288218156007268,
    0.049114332524718744,
    -0.070638264200195,
    0.19403112456286536,
    -0.2095223495155764,
    0.0388214853520421,
    0.03322944049501539,
    -0.08658545739926743,
    -0.018040007609499198,
    0.03290767303882329,
    0.0650989831730664,
    0.053780446718418556,
    0.2360698555721742,
    0.11982310394890262,
    0.04913564807262543,
    0.005870593341375924,
    0.023366985086006254,
    -0.07477675274685164,
    -0.1493003540585295,
    0.01727548346041084,
    -0.013177182587647645,
    -0.0919252645595287,
    -0.06647800324748546,
    -0.006864957367191235,
    -0.11490048651138854,
    -0.03958011543143552,
    -0.10632257341261601,
    -0.14605591327126488,
    -0.051995143552343324,
    0.024751212254798205,
    -0.19752332151009436,
    -0.031232941206698575,
    0.16542710355448978,
    0.02014096152380694,
    0.13358339876026273,
    -0.08947334497628683,
    0.009613435981412,
    0.09868705071332595,
    0.001719380233151074,
    -0.08831999900273896
  ],
  "history": [
    {
      "generation": 0,
      "bestReward": 797.2560606946054,
      "meanReward": 7.4199285164754425,
      "eliteMeanReward": 504.4437712410966
    },
    {
      "generation": 1,
      "bestReward": 1004.6948651093111,
      "meanReward": -22.606912279227004,
      "eliteMeanReward": 728.5835175973336
    },
    {
      "generation": 2,
      "bestReward": 1120.7438831061065,
      "meanReward": 204.28676745629622,
      "eliteMeanReward": 914.7851204461831
    },
    {
      "generation": 3,
      "bestReward": 681.7457594535211,
      "meanReward": 43.56947631193243,
      "eliteMeanReward": 559.2885025791168
    },
    {
      "generation": 4,
      "bestReward": 1417.6922739290476,
      "meanReward": 142.67375981546766,
      "eliteMeanReward": 894.8777788404556
    },
    {
      "generation": 5,
      "bestReward": 1310.1839207326927,
      "meanReward": 461.3917407506162,
      "eliteMeanReward": 1073.5714480859347
    },
    {
      "generation": 6,
      "bestReward": 1169.5911699424144,
      "meanReward": 332.84167683877115,
      "eliteMeanReward": 1027.5721844057384
    },
    {
      "generation": 7,
      "bestReward": 1381.9534344448273,
      "meanReward": 620.6055933697916,
      "eliteMeanReward": 984.7542455254709
    },
    {
      "generation": 8,
      "bestReward": 1256.5617500000615,
      "meanReward": 554.8697853094585,
      "eliteMeanReward": 1069.7756301187933
    },
    {
      "generation": 9,
      "bestReward": 1635.858239426522,
      "meanReward": 686.9375348343693,
      "eliteMeanReward": 1249.7765515104188
    },
    {
      "generation": 10,
      "bestReward": 1220.0811642087613,
      "meanReward": 859.5325988522849,
      "eliteMeanReward": 1126.5645102259166
    },
    {
      "generation": 11,
      "bestReward": 1895.9711914481686,
      "meanReward": 839.42826606638,
      "eliteMeanReward": 1334.4767625912268
    },
    {
      "generation": 12,
      "bestReward": 1638.0753205292167,
      "meanReward": 789.5658610545102,
      "eliteMeanReward": 1201.9992118699993
    },
    {
      "generation": 13,
      "bestReward": 1381.5979371754106,
      "meanReward": 789.3886442299216,
      "eliteMeanReward": 1145.3965979381483
    },
    {
      "generation": 14,
      "bestReward": 1134.520476535979,
      "meanReward": 794.7893351045639,
      "eliteMeanReward": 1102.6044809276395
    },
    {
      "generation": 15,
      "bestReward": 1552.1385791383336,
      "meanReward": 741.1543621700257,
      "eliteMeanReward": 1188.6508050826646
    },
    {
      "generation": 16,
      "bestReward": 1427.2646671075754,
      "meanReward": 863.7868207376687,
      "eliteMeanReward": 1284.9556729827757
    },
    {
      "generation": 17,
      "bestReward": 1453.4937240340664,
      "meanReward": 862.1758465495111,
      "eliteMeanReward": 1273.3731902910731
    },
    {
      "generation": 18,
      "bestReward": 1382.5948062263424,
      "meanReward": 867.6343526392351,
      "eliteMeanReward": 1318.5935816297479
    },
    {
      "generation": 19,
      "bestReward": 1338.6182126175074,
      "meanReward": 807.6897827546188,
      "eliteMeanReward": 1258.0554138591094
    },
    {
      "generation": 20,
      "bestReward": 1351.5205326100413,
      "meanReward": 940.1527408148133,
      "eliteMeanReward": 1284.6436638986274
    },
    {
      "generation": 21,
      "bestReward": 1398.7055833334298,
      "meanReward": 896.4011287792589,
      "eliteMeanReward": 1235.1437026912067
    },
    {
      "generation": 22,
      "bestReward": 1495.947935975074,
      "meanReward": 648.5447685159389,
      "eliteMeanReward": 1137.6117744945009
    },
    {
      "generation": 23,
      "bestReward": 1416.686642673167,
      "meanReward": 739.9452598978422,
      "eliteMeanReward": 1232.0231269563258
    },
    {
      "generation": 24,
      "bestReward": 1340.0437880523975,
      "meanReward": 713.7927042650886,
      "eliteMeanReward": 1206.6470934796537
    },
    {
      "generation": 25,
      "bestReward": 1477.262952755266,
      "meanReward": 772.0003381634923,
      "eliteMeanReward": 1330.6984677098235
    },
    {
      "generation": 26,
      "bestReward": 1566.8681649776538,
      "meanReward": 764.4253175894668,
      "eliteMeanReward": 1283.6072949790635
    },
    {
      "generation": 27,
      "bestReward": 1321.5078511078543,
      "meanReward": 603.5914724611196,
      "eliteMeanReward": 1092.6417893443036
    },
    {
      "generation": 28,
      "bestReward": 1657.0320018128664,
      "meanReward": 816.3517276273151,