{
  "generation": 70,
  "mu": [
    -0.00899326947826646,
    0.0023271948054091256,
    -0.07980760242715894,
    0.06253450165979783,
    0.03516735752479375,
    0.31449423864103554,
    -0.11602378840248159,
    0.10467178104494783,
    -0.051418554172617,
    -0.0974630552404815,
    -0.03354998515485821,
    0.05552834345204671,
    0.07666734647314899,
    0.007599929094091224,
    0.1163961374991013,
    0.23228652807843125,
    -0.005124099604631945,
    0.040803393436463366,
    -0.03313092912455421,
    -0.029086857081647842,
    -0.0529228907701401,
    0.11456661576451373,
    -0.013011523500102314,
    -0.09719512616933497,
    0.022647489918101105,
    -0.07335521729024475,
    0.017348211390463445,
    0.041290205807185426,
    -0.11384285367428056,
    0.12402184593912231,
    0.038851187252895866,
    -0.28818336596833855,
    -0.04327833620105624,
    0.052610869504842506,
    0.09414456678482833,
    0.051480967589661086,
    0.0029744762637711223,
    -0.019701933660021924,
    -0.04041822160774651,
    0.01899147143944501,
    -0.03813696286886149,
    0.23483462232813182,
    -0.0685212875924616,
    0.0645722746047002,
    -0.23699076614065212,
    0.0011146352106154744,
    0.09971183280868319,
    -0.031798623516234616
  ],
  "sigma": [
    0.01,
    0.01,
    0.012967159043459395,
    0.01,
    0.01,
    0.01,
    0.011189210164566957,
    0.013494274646457109,
    0.011506557384803067,
    0.014566671625014347,
    0.01,
    0.011328489314247901,
    0.010747720310572051,
    0.01,
    0.01090993312886984,
    0.01,
    0.01,
    0.01,
    0.01,
    0.01,
    0.011478849627434864,
    0.01,
    0.022462669495772192,
    0.01,
    0.011716069512626937,
    0.01313745042916015,
    0.013966765970294254,
    0.01,
    0.01,
    0.012132892538410827,
    0.011428158972453072,
    0.01,
    0.01,
    0.01,
    0.01,
    0.01,
    0.01,
    0.015480030828381012,
    0.012015896224300415,
    0.01,
    0.01,
    0.01,
    0.01,
    0.01,
    0.01,
    0.01,
    0.01,
    0.01
  ],
  "bestReward": 2020.4679582265933,
  "bestWeights": [
    -0.03606059629211169,
    -0.05880947066882903,
    -0.04236692288116384,
    0.10447924823408533,
    0.03350123711750462,
    0.3025016574607601,
    -0.10061503283912958,
    0.10796410364230336,
    -0.10631641986926964,
    -0.08322957367296158,
    -0.044054423380803176,
    0.08045387813772953,
    0.04427862496818865,
    0.03252295336276537,
    0.11132319596987354,
    0.22026346651977807,
    -0.02328216406585475,
    -0.004807492415806393,
    -0.05326407021283186,
    -0.000747147435766593,
    -0.05879319919995854,
    0.11770978911765187,
    -0.07299071333408354,
    -0.08182221342720544,
    0.02138168703438811,
    -0.06342307316454816,
    -0.011374629404704946,
    0.03721836266581044,
    -0.0820353347106442,
    0.13243402697593554,
    0.06671830255777694,
    -0.24713713162329462,
    -0.06394529672188361,
    0.060943743200910894,
    0.0715118728273814,
    0.048495202099002765,
    -0.009079477986413108,
    -0.019027925588273008,
    -0.03374841809790165,
    0.03108900278449273,
    -0.05517578667987347,
    0.23821830920155024,
    -0.0736756651606679,
    0.003807440196993366,
    -0.26417662299438255,
    -0.02008897352758692,
    0.1116051662689375,
    -0.054563634770164925
  ],
  "history": [
    {
      "generation": 0,
      "bestReward": 767.9535482290211,
      "meanReward": 65.46379749491254,
      "eliteMeanReward": 466.6213141745252
    },
    {
      "generation": 1,
      "bestReward": 1196.4514151597157,
      "meanReward": 173.05468617080027,
      "eliteMeanReward": 488.3443637927674
    },
    {
      "generation": 2,
      "bestReward": 663.5469362437433,
      "meanReward": 231.0143841841206,
      "eliteMeanReward": 537.2496687232525
    },
    {
      "generation": 3,
      "bestReward": 617.3999999999492,
      "meanReward": 123.82226915027547,
      "eliteMeanReward": 465.3489837761602
    },
    {
      "generation": 4,
      "bestReward": 1098.8254502291497,
      "meanReward": 256.0361409923558,
      "eliteMeanReward": 825.9343036569401
    },
    {
      "generation": 5,
      "bestReward": 1465.360000000164,
      "meanReward": 540.5821656461856,
      "eliteMeanReward": 1004.0001738337442
    },
    {
      "generation": 6,
      "bestReward": 1204.4532886260179,
      "meanReward": 607.5560053872689,
      "eliteMeanReward": 1086.8091365234486
    },
    {
      "generation": 7,
      "bestReward": 1499.2833790776806,
      "meanReward": 750.3311033533805,
      "eliteMeanReward": 1297.2044417281018
    },
    {
      "generation": 8,
      "bestReward": 1266.0107768621317,
      "meanReward": 660.6316194204135,
      "eliteMeanReward": 1064.3209364369795
    },
    {
      "generation": 9,
      "bestReward": 1335.226458068428,
      "meanReward": 745.0801947285811,
      "eliteMeanReward": 1077.8873477677203
    },
    {
      "generation": 10,
      "bestReward": 1553.2045992703602,
      "meanReward": 801.5441168916379,
      "eliteMeanReward": 1165.1256917660085
    },
    {
      "generation": 11,
      "bestReward": 1337.843139869954,
      "meanReward": 796.559225987369,
      "eliteMeanReward": 1122.0233745102753
    },
    {
      "generation": 12,
      "bestReward": 1612.399025974153,
      "meanReward": 798.0310902344811,
      "eliteMeanReward": 1177.5906378720888
    },
    {
      "generation": 13,
      "bestReward": 1242.4102243450077,
      "meanReward": 819.8579591297351,
      "eliteMeanReward": 1114.7269751877948
    },
    {
      "generation": 14,
      "bestReward": 1462.358676874562,
      "meanReward": 763.5032636031183,
      "eliteMeanReward": 977.0597667158366
    },
    {
      "generation": 15,
      "bestReward": 1349.57031196163,
      "meanReward": 779.7889691871306,
      "eliteMeanReward": 1214.3346689903278
    },
    {
      "generation": 16,
      "bestReward": 1283.0929740227068,
      "meanReward": 790.8731490395342,
      "eliteMeanReward": 1119.718546423342
    },
    {
      "generation": 17,
      "bestReward": 1344.190100253109,
      "meanReward": 894.1620021687547,
      "eliteMeanReward": 1198.9461961713491
    },
    {
      "generation": 18,
      "bestReward": 1276.155302294174,
      "meanReward": 852.2840807701268,
      "eliteMeanReward": 1088.8239623552272
    },
    {
      "generation": 19,
      "bestReward": 1556.9372802196676,
      "meanReward": 1012.6559615748085,
      "eliteMeanReward": 1358.9325216535121
    },
    {
      "generation": 20,
      "bestReward": 1251.4339254089089,
      "meanReward": 879.5530331213955,
      "eliteMeanReward": 1073.9977119526409
    },
    {
      "generation": 21,
      "bestReward": 1517.4038840718708,
      "meanReward": 942.7909137438962,
      "eliteMeanReward": 1353.9239876337645
    },
    {
      "generation": 22,
      "bestReward": 1531.7199999999987,
      "meanReward": 804.8639609335099,
      "eliteMeanReward": 1095.7479572349482
    },
    {
      "generation": 23,
      "bestReward": 1578.8321453527437,
      "meanReward": 855.9980860870695,
      "eliteMeanReward": 1185.0494203743024
    },
    {
      "generation": 24,
      "bestReward": 1633.5954108216954,
      "meanReward": 821.9505178146983,
      "eliteMeanReward": 1136.0064282944727
    },
    {
      "generation": 25,
      "bestReward": 1573.9381130955196,
      "meanReward": 895.5214449161392,
      "eliteMeanReward": 1224.0323920256756
    },
    {
      "generation": 26,
      "bestReward": 1488.5794585951573,
      "meanReward": 935.4844645439167,
      "eliteMeanReward": 1299.415133355919
    },
    {
      "generation": 27,
      "bestReward": 1392.376587125121,
      "meanReward": 912.282486585367,
      "eliteMeanReward": 1271.3042476831436
    },
    {
      "generation": 28,
      "bestReward": 1349.7650313831991,
      "meanReward": 696.5625492668423,
      "eliteMeanReward": 1119.7887067192346
    },
    {
      "generation": 29,