{
  "generation": 20,
  "mu": [
    -0.07451594645352504,
    -0.03769771545064346,
    -0.02458808381973136,
    0.07803711805932738,
    0.03539405677990518,
    0.29698696701994776,
    -0.0870224907611154,
    0.05247232456982741,
    -0.10871183422857292,
    -0.0726950553677446,
    -0.07228653831527908,
    0.05397528488122862,
    -0.007956204837429216,
    0.034065074744816834,
    0.11404932013379246,
    0.2570049064893124,
    -0.022092720196908854,
    -0.0211182624665958,
    -0.04545042936422745,
    -0.01738929146013481,
    -0.034921368105337955,
    0.16663009039004933,
    -0.02758171551755812,
    -0.10285612368827206,
    0.031815202535640574,
    -0.03135761839856535,
    -0.021894097412961434,
    0.021278021321512082,
    -0.09241042114083486,
    0.15305993406410057,
    0.0578974429145364,
    -0.22290714491357608,
    -0.05359171606375461,
    0.08003743271758951,
    0.07016074729175893,
    0.09752102778846598,
    0.0021293241355400563,
    -0.028989826300270694,
    -0.02775696478255594,
    0.03460035877229982,
    -0.0024601029181427645,
    0.24396588594955654,
    -0.053916190549334254,
    -0.01071539172596533,
    -0.20883940040253696,
    -0.01638302298986951,
    0.11960858604090327,
    -0.10167573326170683
  ],
  "sigma": [
    0.01,
    0.011127993964104067,
    0.01,
    0.01,
    0.01,
    0.037123016073100486,
    0.029953691836747537,
    0.01,
    0.01,
    0.01,
    0.01,
    0.01,
    0.014907027152061004,
    0.01,
    0.01,
    0.01,
    0.01,
    0.01,
    0.01,
    0.019596365441793467,
    0.01,
    0.013622414575015285,
    0.01,
    0.01,
    0.01,
    0.012065693006725867,
    0.011017356000211526,
    0.0107399869024457,
    0.012223937908423535,
    0.01,
    0.010065454603139028,
    0.01,
    0.01,
    0.01,
    0.013240289489827079,
    0.01244659041543512,
    0.01,
    0.01,
    0.01,
    0.01,
    0.01,
    0.01551250084444293,
    0.01,
    0.01,
    0.015468300383565307,
    0.01,
    0.01,
    0.01
  ],
  "bestReward": 1612.399025974153,
  "bestWeights": [
    -0.07854771584500385,
    -0.04484926047520988,
    -0.039220866622981077,
    0.09516255041239982,
    0.0066393895727613,
    0.11433837592881174,
    -0.10863716943562392,
    0.07514256150515641,
    -0.11383824229005576,
    -0.07736121762905378,
    -0.061810605626368434,
    0.06893985555206114,
    -0.013338903504111665,
    0.03982058921896794,
    0.16126454832971898,
    0.26381696888876294,
    -0.037282360468359275,
    -0.04749132433697361,
    -0.04718205594759649,
    -0.028216444289216578,
    -0.03941438192975685,
    0.15598295309062632,
    -0.03648728926290092,
    -0.0845343495904258,
    0.06406100528591095,
    0.04403484034840579,
    -0.027371441934175317,
    0.022601409170980365,
    -0.0801371408806662,
    0.13981404681650442,
    0.044359674203398515,
    -0.22062421879841487,
    -0.07831410996333601,
    0.05895016379633901,
    0.06780965503052966,
    0.10263386604215304,
    -0.007551079079067666,
    -0.02417028744463466,
    -0.033226295182578955,
    0.02040624286203132,
    0.0002099942391270409,
    0.24902641806267542,
    -0.07183295885376031,
    -0.01747079214024357,
    -0.2770427929456324,
    -0.0026834891267465306,
    0.09097360426458889,
    -0.1450695545313028
  ],
  "history": [
    {
      "generation": 0,
      "bestReward": 767.9535482290211,
      "meanReward": 65.46379749491254,
      "eliteMeanReward": 466.6213141745252
    },
    {
      "generation": 1,
      "bestReward": 1196.4514151597157,
      "meanReward": 173.05468617080027,
      "eliteMeanReward": 488.3443637927674
    },
    {
      "generation": 2,
      "bestReward": 663.5469362437433,
      "meanReward": 231.0143841841206,
      "eliteMeanReward": 537.2496687232525
    },
    {
      "generation": 3,
      "bestReward": 617.3999999999492,
      "meanReward": 123.82226915027547,
      "eliteMeanReward": 465.3489837761602
    },
    {
      "generation": 4,
      "bestReward": 1098.8254502291497,
      "meanReward": 256.0361409923558,
      "eliteMeanReward": 825.9343036569401
    },
    {
      "generation": 5,
      "bestReward": 1465.360000000164,
      "meanReward": 540.5821656461856,
      "eliteMeanReward": 1004.0001738337442
    },
    {
      "generation": 6,
      "bestReward": 1204.4532886260179,
      "meanReward": 607.5560053872689,
      "eliteMeanReward": 1086.8091365234486
    },
    {
      "generation": 7,
      "bestReward": 1499.2833790776806,
      "meanReward": 750.3311033533805,
      "eliteMeanReward": 1297.2044417281018
    },
    {
      "generation": 8,
      "bestReward": 1266.0107768621317,
      "meanReward": 660.6316194204135,
      "eliteMeanReward": 1064.3209364369795
    },
    {
      "generation": 9,
      "bestReward": 1335.226458068428,
      "meanReward": 745.0801947285811,
      "eliteMeanReward": 1077.8873477677203
    },
    {
      "generation": 10,
      "bestReward": 1553.2045992703602,
      "meanReward": 801.5441168916379,
      "eliteMeanReward": 1165.1256917660085
    },
    {
      "generation": 11,
      "bestReward": 1337.843139869954,
      "meanReward": 796.559225987369,
      "eliteMeanReward": 1122.0233745102753
    },
    {
      "generation": 12,
      "bestReward": 1612.399025974153,
      "meanReward": 798.0310902344811,
      "eliteMeanReward": 1177.5906378720888
    },
    {
      "generation": 13,
      "bestReward": 1242.4102243450077,
      "meanReward": 819.8579591297351,
      "eliteMeanReward": 1114.7269751877948
    },
    {
      "generation": 14,
      "bestReward": 1462.358676874562,
      "meanReward": 763.5032636031183,
      "eliteMeanReward": 977.0597667158366
    },
    {
      "generation": 15,
      "bestReward": 1349.57031196163,
      "meanReward": 779.7889691871306,
      "eliteMeanReward": 1214.3346689903278
    },
    {
      "generation": 16,
      "bestReward": 1283.0929740227068,
      "meanReward": 790.8731490395342,
      "eliteMeanReward": 1119.718546423342
    },
    {
      "generation": 17,
      "bestReward": 1344.190100253109,
      "meanReward": 894.1620021687547,
      "eliteMeanReward": 1198.9461961713491
    },
    {
      "generation": 18,
      "bestReward": 1276.155302294174,
      "meanReward": 852.2840807701268,
      "eliteMeanReward": 1088.8239623552272
    },
    {
      "generation": 19,
      "bestReward": 1556.9372802196676,
      "meanReward": 1012.6559615748085,
      "eliteMeanReward": 1358.9325216535121
    }
  ]
}