{
  "generation": 10,
  "mu": [
    -0.06879054412112853,
    -0.04594447120296713,
    -0.0388947512744192,
    0.07675411184026941,
    0.01314288373710332,
    0.16551674283709455,
    -0.1119014768309893,
    0.06941815259228826,
    -0.11768918147180356,
    -0.08382844268059149,
    -0.06638314678987604,
    0.06694755213541925,
    -0.015287420470877416,
    0.057533897416586745,
    0.14744499120495952,
    0.2591298328774463,
    -0.030793296576761404,
    -0.030968044376530203,
    -0.041212161603544455,
    -0.03590032182541023,
    -0.08875343314140086,
    0.1737457413952476,
    -0.09313647607534048,
    -0.09403423839696302,
    0.05490490764214021,
    0.05604009238420425,
    -0.007136625536382566,
    0.04155938763312508,
    -0.13973188226063749,
    0.140072773984739,
    0.043654637996515665,
    -0.16519631918823557,
    -0.06001707299418827,
    0.07928661566037244,
    0.0535041663279938,
    0.08743028962373914,
    -0.012942115865439313,
    -0.028753565993572115,
    -0.03405406179237426,
    0.025389098062799126,
    0.03090858962128279,
    0.2708001871201775,
    -0.07864973646662571,
    -0.01833295437702507,
    -0.26465276041183206,
    -0.015335292057544586,
    0.11417480305975643,
    -0.11896260751556771
  ],
  "sigma": [
    0.01,
    0.012675553933501643,
    0.01,
    0.01,
    0.011568509448948647,
    0.05988051257738978,
    0.011244178069084017,
    0.01,
    0.01425412815926795,
    0.025485849815363844,
    0.01,
    0.01,
    0.014720553987331481,
    0.030522038975799495,
    0.010394357187982496,
    0.038987723893212194,
    0.01,
    0.01,
    0.013528669015084708,
    0.013211080277262106,
    0.04689211782044579,
    0.025670882497483387,
    0.03983630055037959,
    0.01,
    0.034457749328442484,
    0.026422344402806212,
    0.01,
    0.01,
    0.09769841407149427,
    0.010402119291938097,
    0.01,
    0.0391169502920968,
    0.012086832949637647,
    0.01,
    0.031696243260830544,
    0.019981820217257862,
    0.019330449613729175,
    0.01,
    0.01,
    0.01,
    0.023800155164666992,
    0.0444548214454967,
    0.015149649661999304,
    0.013487919133398486,
    0.05197338582644158,
    0.011699501800987895,
    0.01,
    0.03976039347615759
  ],
  "bestReward": 1499.2833790776806,
  "bestWeights": [
    -0.06320109435715802,
    -0.02586679790192506,
    -0.09119587488478959,
    0.06626026244609513,
    0.010016949954488026,
    0.1898220624385625,
    -0.10959704428019433,
    0.052874171404949225,
    -0.13006143112795746,
    -0.1789520934297642,
    -0.0460840363652549,
    0.06117192586463915,
    -0.022998656923528753,
    0.036810322145611356,
    0.1513349355119102,
    0.08143820568283588,
    -0.05483552072747261,
    -0.026089002299918077,
    -0.0287578378691647,
    -0.024872040521616148,
    -0.15458785833914854,
    0.15042970764218283,
    -0.18532983700569355,
    -0.0963088758775988,
    0.006045903749550337,
    0.008910752281210238,
    -0.010062725545203034,
    0.05557526657831679,
    -0.2631621961706547,
    0.1264392073335451,
    0.08265852529542736,
    -0.11539654597817277,
    -0.061267086058602344,
    0.04215769127845243,
    0.013745075455050756,
    0.1545014042334969,
    -0.008711634729919177,
    -0.044490639132084314,
    -0.04890174888672924,
    0.04261860697094223,
    -0.010732882297151553,
    0.27670759914423027,
    -0.046924601554249205,
    -0.06350335216697785,
    -0.23395035213962362,
    -0.006810932172027129,
    0.12054033770738608,
    -0.051749721257272514
  ],
  "history": [
    {
      "generation": 0,
      "bestReward": 767.9535482290211,
      "meanReward": 65.46379749491254,
      "eliteMeanReward": 466.6213141745252
    },
    {
      "generation": 1,
      "bestReward": 1196.4514151597157,
      "meanReward": 173.05468617080027,
      "eliteMeanReward": 488.3443637927674
    },
    {
      "generation": 2,
      "bestReward": 663.5469362437433,
      "meanReward": 231.0143841841206,
      "eliteMeanReward": 537.2496687232525
    },
    {
      "generation": 3,
      "bestReward": 617.3999999999492,
      "meanReward": 123.82226915027547,
      "eliteMeanReward": 465.3489837761602
    },
    {
      "generation": 4,
      "bestReward": 1098.8254502291497,
      "meanReward": 256.0361409923558,
      "eliteMeanReward": 825.9343036569401
    },
    {
      "generation": 5,
      "bestReward": 1465.360000000164,
      "meanReward": 540.5821656461856,
      "eliteMeanReward": 1004.0001738337442
    },
    {
      "generation": 6,
      "bestReward": 1204.4532886260179,
      "meanReward": 607.5560053872689,
      "eliteMeanReward": 1086.8091365234486
    },
    {
      "generation": 7,
      "bestReward": 1499.2833790776806,
      "meanReward": 750.3311033533805,
      "eliteMeanReward": 1297.2044417281018
    },
    {
      "generation": 8,
      "bestReward": 1266.0107768621317,
      "meanReward": 660.6316194204135,
      "eliteMeanReward": 1064.3209364369795
    },
    {
      "generation": 9,
      "bestReward": 1335.226458068428,
      "meanReward": 745.0801947285811,
      "eliteMeanReward": 1077.8873477677203
    }
  ]
}