{
  "generation": 40,
  "mu": [
    -0.05554901916810473,
    -0.03689057077120927,
    -0.04814382196245091,
    0.07661486859727365,
    0.028025030102375482,
    0.293058338713006,
    -0.1084555777917331,
    0.09440585606102096,
    -0.09620668869632888,
    -0.08732718953686805,
    -0.04495240740768568,
    0.06538912193671934,
    0.03419175448861869,
    0.03372982292547959,
    0.10707480021975058,
    0.20876914963230458,
    -0.03771237970378031,
    -0.01607053240886696,
    -0.04436589462882391,
    0.008233337495346249,
    -0.04704087886737161,
    0.12023962736240268,
    -0.04843044743045906,
    -0.10442066788546815,
    0.0139011917667691,
    -0.08607025539180249,
    -0.020205712825053002,
    0.03543976087151949,
    -0.09255371428929968,
    0.14605767271590597,
    0.06040626983137835,
    -0.24228566669863646,
    -0.06067789128919741,
    0.06992303950138609,
    0.055223595951848184,
    0.06433060318238855,
    -0.013667406044651864,
    -0.007507679240556056,
    -0.036847489740004444,
    0.037971480767821995,
    -0.04417392296942951,
    0.2522561795235041,
    -0.07424707899778293,
    0.00037939770700970633,
    -0.24920259471347186,
    -0.02245753058193568,
    0.12773472385098655,
    -0.05581150235478057
  ],
  "sigma": [
    0.016740447976357008,
    0.01,
    0.01,
    0.010291907481931952,
    0.01,
    0.01,
    0.014848123397137111,
    0.012891277407408813,
    0.01,
    0.01,
    0.01,
    0.011802630139093589,
    0.01,
    0.01,
    0.01,
    0.01426040194342885,
    0.01,
    0.013360648977057663,
    0.01,
    0.011476149454060659,
    0.01,
    0.011649440947697026,
    0.018738410225856192,
    0.01633733848293875,
    0.010608784126359763,
    0.015412510282486221,
    0.01,
    0.011061402330386431,
    0.01,
    0.01397464718896546,
    0.013185422750313066,
    0.01,
    0.01,
    0.01,
    0.01313549137494224,
    0.01,
    0.01,
    0.01,
    0.01,
    0.011347185608547868,
    0.01,
    0.01,
    0.01,
    0.01,
    0.01,
    0.011607209756274509,
    0.01,
    0.011679440975801057
  ],
  "bestReward": 1633.5954108216954,
  "bestWeights": [
    -0.05667120773053447,
    -0.04677474993404075,
    -0.040664173062959025,
    0.05686591071242016,
    0.04141539333216461,
    0.310738650459331,
    -0.07426148974182721,
    0.07209894447189948,
    -0.12224839110064195,
    -0.08905398074480811,
    -0.06147047649880255,
    0.08472931538125726,
    -0.016866282540486305,
    0.04961192962908387,
    0.11328484731329139,
    0.22781525037336725,
    -0.01056496696033589,
    -0.010667797451635038,
    -0.07897286687697128,
    -0.010011048109932832,
    -0.04890272580965535,
    0.14553596676745198,
    -0.027632646217005112,
    -0.10648076598916081,
    0.04150042827544389,
    -0.03989127552501788,
    -0.021811753532391495,
    0.031185378572821932,
    -0.07605793595892096,
    0.13837161489293773,
    0.044262443518627764,
    -0.19093858427284596,
    -0.05403799353647725,
    0.07406905978574349,
    0.06119904593427379,
    0.09557752559133244,
    -0.0019718364358985415,
    -0.038602908281369155,
    -0.04881703391592154,
    0.04865725518272409,
    -0.011006613760562401,
    0.22912755371775714,
    -0.036321080842203715,
    -0.014827143884869632,
    -0.2620510653655159,
    -0.010670529706302598,
    0.12758287198749008,
    -0.07771086093034293
  ],
  "history": [
    {
      "generation": 0,
      "bestReward": 767.9535482290211,
      "meanReward": 65.46379749491254,
      "eliteMeanReward": 466.6213141745252
    },
    {
      "generation": 1,
      "bestReward": 1196.4514151597157,
      "meanReward": 173.05468617080027,
      "eliteMeanReward": 488.3443637927674
    },
    {
      "generation": 2,
      "bestReward": 663.5469362437433,
      "meanReward": 231.0143841841206,
      "eliteMeanReward": 537.2496687232525
    },
    {
      "generation": 3,
      "bestReward": 617.3999999999492,
      "meanReward": 123.82226915027547,
      "eliteMeanReward": 465.3489837761602
    },
    {
      "generation": 4,
      "bestReward": 1098.8254502291497,
      "meanReward": 256.0361409923558,
      "eliteMeanReward": 825.9343036569401
    },
    {
      "generation": 5,
      "bestReward": 1465.360000000164,
      "meanReward": 540.5821656461856,
      "eliteMeanReward": 1004.0001738337442
    },
    {
      "generation": 6,
      "bestReward": 1204.4532886260179,
      "meanReward": 607.5560053872689,
      "eliteMeanReward": 1086.8091365234486
    },
    {
      "generation": 7,
      "bestReward": 1499.2833790776806,
      "meanReward": 750.3311033533805,
      "eliteMeanReward": 1297.2044417281018
    },
    {
      "generation": 8,
      "bestReward": 1266.0107768621317,
      "meanReward": 660.6316194204135,
      "eliteMeanReward": 1064.3209364369795
    },
    {
      "generation": 9,
      "bestReward": 1335.226458068428,
      "meanReward": 745.0801947285811,
      "eliteMeanReward": 1077.8873477677203
    },
    {
      "generation": 10,
      "bestReward": 1553.2045992703602,
      "meanReward": 801.5441168916379,
      "eliteMeanReward": 1165.1256917660085
    },
    {
      "generation": 11,
      "bestReward": 1337.843139869954,
      "meanReward": 796.559225987369,
      "eliteMeanReward": 1122.0233745102753
    },
    {
      "generation": 12,
      "bestReward": 1612.399025974153,
      "meanReward": 798.0310902344811,
      "eliteMeanReward": 1177.5906378720888
    },
    {
      "generation": 13,
      "bestReward": 1242.4102243450077,
      "meanReward": 819.8579591297351,
      "eliteMeanReward": 1114.7269751877948
    },
    {
      "generation": 14,
      "bestReward": 1462.358676874562,
      "meanReward": 763.5032636031183,
      "eliteMeanReward": 977.0597667158366
    },
    {
      "generation": 15,
      "bestReward": 1349.57031196163,
      "meanReward": 779.7889691871306,
      "eliteMeanReward": 1214.3346689903278
    },
    {
      "generation": 16,
      "bestReward": 1283.0929740227068,
      "meanReward": 790.8731490395342,
      "eliteMeanReward": 1119.718546423342
    },
    {
      "generation": 17,
      "bestReward": 1344.190100253109,
      "meanReward": 894.1620021687547,
      "eliteMeanReward": 1198.9461961713491
    },
    {
      "generation": 18,
      "bestReward": 1276.155302294174,
      "meanReward": 852.2840807701268,
      "eliteMeanReward": 1088.8239623552272
    },
    {
      "generation": 19,
      "bestReward": 1556.9372802196676,
      "meanReward": 1012.6559615748085,
      "eliteMeanReward": 1358.9325216535121
    },
    {
      "generation": 20,
      "bestReward": 1251.4339254089089,
      "meanReward": 879.5530331213955,
      "eliteMeanReward": 1073.9977119526409
    },
    {
      "generation": 21,
      "bestReward": 1517.4038840718708,
      "meanReward": 942.7909137438962,
      "eliteMeanReward": 1353.9239876337645
    },
    {
      "generation": 22,
      "bestReward": 1531.7199999999987,
      "meanReward": 804.8639609335099,
      "eliteMeanReward": 1095.7479572349482
    },
    {
      "generation": 23,
      "bestReward": 1578.8321453527437,
      "meanReward": 855.9980860870695,
      "eliteMeanReward": 1185.0494203743024
    },
    {
      "generation": 24,
      "bestReward": 1633.5954108216954,
      "meanReward": 821.9505178146983,
      "eliteMeanReward": 1136.0064282944727
    },
    {
      "generation": 25,
      "bestReward": 1573.9381130955196,
      "meanReward": 895.5214449161392,
      "eliteMeanReward": 1224.0323920256756
    },
    {
      "generation": 26,
      "bestReward": 1488.5794585951573,
      "meanReward": 935.4844645439167,
      "eliteMeanReward": 1299.415133355919
    },
    {
      "generation": 27,
      "bestReward": 1392.376587125121,
      "meanReward": 912.282486585367,
      "eliteMeanReward": 1271.3042476831436
    },
    {
      "generation": 28,
      "bestReward": 1349.7650313831991,
      "meanReward": 696.5625492668423,