{
  "generation": 50,
  "mu": [
    0.07387585215012159,
    -0.02775870959474553,
    -0.017307817646812086,
    0.05113374278815401,
    0.08866328761380897,
    -0.03681784625160293,
    0.44482979291465014,
    -0.06008269199149439,
    -0.1248914240892002,
    0.0634639942935554,
    -0.14537725606372912,
    0.17240877519867573,
    -0.16745067174181533,
    0.040161811408236596,
    0.1086959325339597,
    -0.07287363965752065,
    -0.026509030287177292,
    -0.004513938148411377,
    0.19196316264248098,
    0.09564050636804625,
    0.1753157558753909,
    0.01752809973332621,
    0.08192902449025966,
    0.012741944610483308,
    0.07062666768034821,
    -0.042963835000103076,
    -0.1599710123042583,
    0.01618058461076244,
    -0.01044936140994977,
    -0.10511602645206213,
    -0.08062138251905382,
    -0.04932005313553213,
    -0.057317474923290014,
    0.020748185477565496,
    -0.15688733333667576,
    -0.11147601321512549,
    -0.02057568549509744,
    -0.020762803867090156,
    -0.2374148345989738,
    0.039336848548567546,
    0.17058348551354421,
    0.0252116028176662,
    -0.05690788710038745,
    -0.11511031337184723,
    -0.016193258293186,
    0.13264838627432873,
    -0.04519533947913211,
    -0.09080546509893087
  ],
  "sigma": [
    0.014538331405645439,
    0.012884989134563223,
    0.01,
    0.012329961941931384,
    0.012674494545117605,
    0.021059121044517466,
    0.01,
    0.01,
    0.01194549360342395,
    0.012433590120354287,
    0.013108443034188916,
    0.01,
    0.01,
    0.01332647915999044,
    0.01,
    0.011099027303353581,
    0.01,
    0.01,
    0.01,
    0.01,
    0.016565854276235577,
    0.011467190262533818,
    0.015055362398693073,
    0.011127137795352718,
    0.01,
    0.010629896958312469,
    0.01,
    0.014388633110871159,
    0.010242701394640204,
    0.01,
    0.013295144915078803,
    0.01,
    0.013343005948998088,
    0.01,
    0.01,
    0.01,
    0.01,
    0.012040234340827788,
    0.01,
    0.01,
    0.012078911314551131,
    0.010995636651645374,
    0.011907561857545634,
    0.019015883758935904,
    0.01,
    0.010940845396527382,
    0.011038832211858219,
    0.01
  ],
  "bestReward": 1895.9711914481686,
  "bestWeights": [
    0.03751748476693631,
    -0.02071109542030863,
    0.0225636564581543,
    0.09546600972856183,
    0.0581426957582397,
    -0.10049811677095419,
    0.49881812815956683,
    -0.04494102159365086,
    -0.09288218156007268,
    0.049114332524718744,
    -0.070638264200195,
    0.19403112456286536,
    -0.2095223495155764,
    0.0388214853520421,
    0.03322944049501539,
    -0.08658545739926743,
    -0.018040007609499198,
    0.03290767303882329,
    0.0650989831730664,
    0.053780446718418556,
    0.2360698555721742,
    0.11982310394890262,
    0.04913564807262543,
    0.005870593341375924,
    0.023366985086006254,
    -0.07477675274685164,
    -0.1493003540585295,
    0.01727548346041084,
    -0.013177182587647645,
    -0.0919252645595287,
    -0.06647800324748546,
    -0.006864957367191235,
    -0.11490048651138854,
    -0.03958011543143552,
    -0.10632257341261601,
    -0.14605591327126488,
    -0.051995143552343324,
    0.024751212254798205,
    -0.19752332151009436,
    -0.031232941206698575,
    0.16542710355448978,
    0.02014096152380694,
    0.13358339876026273,
    -0.08947334497628683,
    0.009613435981412,
    0.09868705071332595,
    0.001719380233151074,
    -0.08831999900273896
  ],
  "history": [
    {
      "generation": 0,
      "bestReward": 797.2560606946054,
      "meanReward": 7.4199285164754425,
      "eliteMeanReward": 504.4437712410966
    },
    {
      "generation": 1,
      "bestReward": 1004.6948651093111,
      "meanReward": -22.606912279227004,
      "eliteMeanReward": 728.5835175973336
    },
    {
      "generation": 2,
      "bestReward": 1120.7438831061065,
      "meanReward": 204.28676745629622,
      "eliteMeanReward": 914.7851204461831
    },
    {
      "generation": 3,
      "bestReward": 681.7457594535211,
      "meanReward": 43.56947631193243,
      "eliteMeanReward": 559.2885025791168
    },
    {
      "generation": 4,
      "bestReward": 1417.6922739290476,
      "meanReward": 142.67375981546766,
      "eliteMeanReward": 894.8777788404556
    },
    {
      "generation": 5,
      "bestReward": 1310.1839207326927,
      "meanReward": 461.3917407506162,
      "eliteMeanReward": 1073.5714480859347
    },
    {
      "generation": 6,
      "bestReward": 1169.5911699424144,
      "meanReward": 332.84167683877115,
      "eliteMeanReward": 1027.5721844057384
    },
    {
      "generation": 7,
      "bestReward": 1381.9534344448273,
      "meanReward": 620.6055933697916,
      "eliteMeanReward": 984.7542455254709
    },
    {
      "generation": 8,
      "bestReward": 1256.5617500000615,
      "meanReward": 554.8697853094585,
      "eliteMeanReward": 1069.7756301187933
    },
    {
      "generation": 9,
      "bestReward": 1635.858239426522,
      "meanReward": 686.9375348343693,
      "eliteMeanReward": 1249.7765515104188
    },
    {
      "generation": 10,
      "bestReward": 1220.0811642087613,
      "meanReward": 859.5325988522849,
      "eliteMeanReward": 1126.5645102259166
    },
    {
      "generation": 11,
      "bestReward": 1895.9711914481686,
      "meanReward": 839.42826606638,
      "eliteMeanReward": 1334.4767625912268
    },
    {
      "generation": 12,
      "bestReward": 1638.0753205292167,
      "meanReward": 789.5658610545102,
      "eliteMeanReward": 1201.9992118699993
    },
    {
      "generation": 13,
      "bestReward": 1381.5979371754106,
      "meanReward": 789.3886442299216,
      "eliteMeanReward": 1145.3965979381483
    },
    {
      "generation": 14,
      "bestReward": 1134.520476535979,
      "meanReward": 794.7893351045639,
      "eliteMeanReward": 1102.6044809276395
    },
    {
      "generation": 15,
      "bestReward": 1552.1385791383336,
      "meanReward": 741.1543621700257,
      "eliteMeanReward": 1188.6508050826646
    },
    {
      "generation": 16,
      "bestReward": 1427.2646671075754,
      "meanReward": 863.7868207376687,
      "eliteMeanReward": 1284.9556729827757
    },
    {
      "generation": 17,
      "bestReward": 1453.4937240340664,
      "meanReward": 862.1758465495111,
      "eliteMeanReward": 1273.3731902910731
    },
    {
      "generation": 18,
      "bestReward": 1382.5948062263424,
      "meanReward": 867.6343526392351,
      "eliteMeanReward": 1318.5935816297479
    },
    {
      "generation": 19,
      "bestReward": 1338.6182126175074,
      "meanReward": 807.6897827546188,
      "eliteMeanReward": 1258.0554138591094
    },
    {
      "generation": 20,
      "bestReward": 1351.5205326100413,
      "meanReward": 940.1527408148133,
      "eliteMeanReward": 1284.6436638986274
    },
    {
      "generation": 21,
      "bestReward": 1398.7055833334298,
      "meanReward": 896.4011287792589,
      "eliteMeanReward": 1235.1437026912067
    },
    {
      "generation": 22,
      "bestReward": 1495.947935975074,
      "meanReward": 648.5447685159389,
      "eliteMeanReward": 1137.6117744945009
    },
    {
      "generation": 23,
      "bestReward": 1416.686642673167,
      "meanReward": 739.9452598978422,
      "eliteMeanReward": 1232.0231269563258
    },
    {
      "generation": 24,
      "bestReward": 1340.0437880523975,
      "meanReward": 713.7927042650886,
      "eliteMeanReward": 1206.6470934796537
    },
    {
      "generation": 25,
      "bestReward": 1477.262952755266,
      "meanReward": 772.0003381634923,
      "eliteMeanReward": 1330.6984677098235
    },
    {
      "generation": 26,
      "bestReward": 1566.8681649776538,
      "meanReward": 764.4253175894668,
      "eliteMeanReward": 1283.6072949790635
    },
    {
      "generation": 27,
      "bestReward": 1321.5078511078543,
      "meanReward": 603.5914724611196,
      "eliteMeanReward": 1092.6417893443036
    },
    {
      "generation": 28,