{
  "generation": 30,
  "mu": [
    -0.06849451355010917,
    -0.03852822960549301,
    -0.03832085885149643,
    0.08374988312280515,
    0.03081614171268966,
    0.301659391962086,
    -0.08598990725443574,
    0.0762013938399264,
    -0.09205978452000649,
    -0.08247712427204959,
    -0.05896554080933007,
    0.0677831206263998,
    0.011423155840411568,
    0.03249226044056323,
    0.12846536783713847,
    0.2055043562430205,
    -0.013414345643770056,
    -0.00707745958991864,
    -0.06906588623029936,
    -0.003189421449537649,
    -0.029385768159633608,
    0.13269966653161558,
    -0.03319928763632327,
    -0.08977313325278259,
    0.015356522656348296,
    -0.03076004093743529,
    -0.030926157119859427,
    0.01682430047756418,
    -0.08204478173006283,
    0.15572541345576624,
    0.05236569058203496,
    -0.21625168682328905,
    -0.06506847394544077,
    0.07343714813902007,
    0.04923964480765035,
    0.07859839890177701,
    -0.00709871250225889,
    -0.01731304538524958,
    -0.040071171497573665,
    0.052416490503360225,
    -0.0405602062896625,
    0.24194944454570794,
    -0.05933010130521208,
    -0.018729467248974337,
    -0.2451399589987982,
    -0.009825925463374496,
    0.12099351397582332,
    -0.07505931734288691
  ],
  "sigma": [
    0.01,
    0.01,
    0.01,
    0.01706332326732336,
    0.012501947520715984,
    0.01,
    0.01,
    0.01,
    0.01,
    0.01,
    0.01,
    0.016957494266866234,
    0.01,
    0.01,
    0.01,
    0.01,
    0.01,
    0.015282299026210049,
    0.01,
    0.01,
    0.01500620405301925,
    0.013391240967460461,
    0.01,
    0.01,
    0.011907467260653993,
    0.01,
    0.01,
    0.01,
    0.012333080542862461,
    0.01,
    0.01213951936549302,
    0.01,
    0.01362283493184486,
    0.010196732550285912,
    0.013701253518966694,
    0.01133138995078086,
    0.01162252127138355,
    0.01,
    0.01,
    0.010977304850180902,
    0.01,
    0.01,
    0.015292685589630518,
    0.01,
    0.013709564922344035,
    0.01,
    0.01,
    0.012512752642038088
  ],
  "bestReward": 1633.5954108216954,
  "bestWeights": [
    -0.05667120773053447,
    -0.04677474993404075,
    -0.040664173062959025,
    0.05686591071242016,
    0.04141539333216461,
    0.310738650459331,
    -0.07426148974182721,
    0.07209894447189948,
    -0.12224839110064195,
    -0.08905398074480811,
    -0.06147047649880255,
    0.08472931538125726,
    -0.016866282540486305,
    0.04961192962908387,
    0.11328484731329139,
    0.22781525037336725,
    -0.01056496696033589,
    -0.010667797451635038,
    -0.07897286687697128,
    -0.010011048109932832,
    -0.04890272580965535,
    0.14553596676745198,
    -0.027632646217005112,
    -0.10648076598916081,
    0.04150042827544389,
    -0.03989127552501788,
    -0.021811753532391495,
    0.031185378572821932,
    -0.07605793595892096,
    0.13837161489293773,
    0.044262443518627764,
    -0.19093858427284596,
    -0.05403799353647725,
    0.07406905978574349,
    0.06119904593427379,
    0.09557752559133244,
    -0.0019718364358985415,
    -0.038602908281369155,
    -0.04881703391592154,
    0.04865725518272409,
    -0.011006613760562401,
    0.22912755371775714,
    -0.036321080842203715,
    -0.014827143884869632,
    -0.2620510653655159,
    -0.010670529706302598,
    0.12758287198749008,
    -0.07771086093034293
  ],
  "history": [
    {
      "generation": 0,
      "bestReward": 767.9535482290211,
      "meanReward": 65.46379749491254,
      "eliteMeanReward": 466.6213141745252
    },
    {
      "generation": 1,
      "bestReward": 1196.4514151597157,
      "meanReward": 173.05468617080027,
      "eliteMeanReward": 488.3443637927674
    },
    {
      "generation": 2,
      "bestReward": 663.5469362437433,
      "meanReward": 231.0143841841206,
      "eliteMeanReward": 537.2496687232525
    },
    {
      "generation": 3,
      "bestReward": 617.3999999999492,
      "meanReward": 123.82226915027547,
      "eliteMeanReward": 465.3489837761602
    },
    {
      "generation": 4,
      "bestReward": 1098.8254502291497,
      "meanReward": 256.0361409923558,
      "eliteMeanReward": 825.9343036569401
    },
    {
      "generation": 5,
      "bestReward": 1465.360000000164,
      "meanReward": 540.5821656461856,
      "eliteMeanReward": 1004.0001738337442
    },
    {
      "generation": 6,
      "bestReward": 1204.4532886260179,
      "meanReward": 607.5560053872689,
      "eliteMeanReward": 1086.8091365234486
    },
    {
      "generation": 7,
      "bestReward": 1499.2833790776806,
      "meanReward": 750.3311033533805,
      "eliteMeanReward": 1297.2044417281018
    },
    {
      "generation": 8,
      "bestReward": 1266.0107768621317,
      "meanReward": 660.6316194204135,
      "eliteMeanReward": 1064.3209364369795
    },
    {
      "generation": 9,
      "bestReward": 1335.226458068428,
      "meanReward": 745.0801947285811,
      "eliteMeanReward": 1077.8873477677203
    },
    {
      "generation": 10,
      "bestReward": 1553.2045992703602,
      "meanReward": 801.5441168916379,
      "eliteMeanReward": 1165.1256917660085
    },
    {
      "generation": 11,
      "bestReward": 1337.843139869954,
      "meanReward": 796.559225987369,
      "eliteMeanReward": 1122.0233745102753
    },
    {
      "generation": 12,
      "bestReward": 1612.399025974153,
      "meanReward": 798.0310902344811,
      "eliteMeanReward": 1177.5906378720888
    },
    {
      "generation": 13,
      "bestReward": 1242.4102243450077,
      "meanReward": 819.8579591297351,
      "eliteMeanReward": 1114.7269751877948
    },
    {
      "generation": 14,
      "bestReward": 1462.358676874562,
      "meanReward": 763.5032636031183,
      "eliteMeanReward": 977.0597667158366
    },
    {
      "generation": 15,
      "bestReward": 1349.57031196163,
      "meanReward": 779.7889691871306,
      "eliteMeanReward": 1214.3346689903278
    },
    {
      "generation": 16,
      "bestReward": 1283.0929740227068,
      "meanReward": 790.8731490395342,
      "eliteMeanReward": 1119.718546423342
    },
    {
      "generation": 17,
      "bestReward": 1344.190100253109,
      "meanReward": 894.1620021687547,
      "eliteMeanReward": 1198.9461961713491
    },
    {
      "generation": 18,
      "bestReward": 1276.155302294174,
      "meanReward": 852.2840807701268,
      "eliteMeanReward": 1088.8239623552272
    },
    {
      "generation": 19,
      "bestReward": 1556.9372802196676,
      "meanReward": 1012.6559615748085,
      "eliteMeanReward": 1358.9325216535121
    },
    {
      "generation": 20,
      "bestReward": 1251.4339254089089,
      "meanReward": 879.5530331213955,
      "eliteMeanReward": 1073.9977119526409
    },
    {
      "generation": 21,
      "bestReward": 1517.4038840718708,
      "meanReward": 942.7909137438962,
      "eliteMeanReward": 1353.9239876337645
    },
    {
      "generation": 22,
      "bestReward": 1531.7199999999987,
      "meanReward": 804.8639609335099,
      "eliteMeanReward": 1095.7479572349482
    },
    {
      "generation": 23,
      "bestReward": 1578.8321453527437,
      "meanReward": 855.9980860870695,
      "eliteMeanReward": 1185.0494203743024
    },
    {
      "generation": 24,
      "bestReward": 1633.5954108216954,
      "meanReward": 821.9505178146983,
      "eliteMeanReward": 1136.0064282944727
    },
    {
      "generation": 25,
      "bestReward": 1573.9381130955196,
      "meanReward": 895.5214449161392,
      "eliteMeanReward": 1224.0323920256756
    },
    {
      "generation": 26,
      "bestReward": 1488.5794585951573,
      "meanReward": 935.4844645439167,
      "eliteMeanReward": 1299.415133355919
    },
    {
      "generation": 27,
      "bestReward": 1392.376587125121,
      "meanReward": 912.282486585367,
      "eliteMeanReward": 1271.3042476831436
    },
    {
      "generation": 28,
      "bestReward": 1349.7650313831991,
      "meanReward": 696.5625492668423,
      "eliteMeanReward": 1119.7887067192346
    },
    {
      "generation": 29,