{
  "generation": 10,
  "mu": [
    -0.12780872636320764,
    -0.057043427867136065,
    -0.00934409091038255,
    -0.013524091920764583,
    0.01763861086552306,
    0.11305051315588469,
    -0.06850240855142278,
    0.11336380700002413,
    0.021516232330166224,
    0.04079083875549967,
    -0.043062187050905434,
    0.026422950974152738,
    -0.04038753727647455,
    -0.058192503827602236,
    -0.1379575387854049,
    -0.028037401865342603,
    -0.006116154413647076,
    0.14884538565119482,
    -0.012896437402734707,
    -0.06368308704150355,
    0.01586813694876813,
    0.06856631019881179,
    0.030124255708693353,
    0.058794863293061564,
    -0.08964028222173843,
    0.00798181414687545,
    0.05265859171372385,
    0.012136814599356296,
    -0.06835154880942784,
    -0.05411252708420271,
    -0.09455877954733458,
    -0.167555463708081,
    -0.02184897369872943,
    0.058817551581009674,
    -0.05710703203978644,
    -0.037558608725976717,
    0.07940206965646951,
    0.05076242502086618,
    0.0035232610328934434,
    -0.15713672948688662,
    0.1425542832998315,
    -0.1505994953377976,
    0.023179125426269164,
    -0.039342020558936375,
    -0.01175626294577674,
    0.14773140559390768,
    0.04270964719160531,
    -0.12485066337782062
  ],
  "sigma": [
    0.01,
    0.011874114633954285,
    0.01,
    0.012550065867374423,
    0.01,
    0.021210486657613513,
    0.02229106262255966,
    0.013542526546005716,
    0.01,
    0.01,
    0.01,
    0.01,
    0.025180564036221594,
    0.01140350218572322,
    0.035689891132508755,
    0.01,
    0.01,
    0.01877862923369157,
    0.012887745645037174,
    0.01,
    0.01,
    0.042205068058789506,
    0.016233104041203043,
    0.019514486952803445,
    0.012527454970185122,
    0.01,
    0.01,
    0.01,
    0.01,
    0.049535031390829244,
    0.01,
    0.01,
    0.01,
    0.01,
    0.01,
    0.01,
    0.010792920642052103,
    0.01,
    0.04028780059641663,
    0.015685540527679058,
    0.04397844250467903,
    0.01,
    0.015285411082958047,
    0.024414376218449347,
    0.013735625017794103,
    0.04768987836508428,
    0.010817473547956117,
    0.01
  ],
  "bestReward": 209.66166666666953,
  "bestWeights": [
    -0.10008797716839903,
    -0.049303618094766744,
    -0.012057668988639978,
    -0.02723527555231598,
    0.026057965617266723,
    0.06387798089468652,
    -0.019158784299363886,
    0.12166167336245945,
    0.02318927249409202,
    0.0332753036872856,
    -0.02960955992119899,
    0.021902608187766525,
    -0.047621397379701884,
    -0.039005934027271844,
    -0.2061197446552116,
    -0.008513477086336685,
    -0.007811243113326058,
    0.1313500259866222,
    0.02099916912802622,
    -0.055078645063076706,
    0.007209358348316361,
    -0.12483788478188992,
    0.03893631016258585,
    0.07064409720385811,
    -0.0688748563811699,
    0.01051720337305696,
    0.05013206825439165,
    -0.003829074056057554,
    -0.039868596124482576,
    -0.0059843244073961716,
    -0.09195021464192882,
    -0.1484285477846679,
    -0.02204566595653075,
    0.047703054015893476,
    -0.05215923876524502,
    -0.03949907901664055,
    0.09155192532689743,
    0.04805995860579389,
    0.036759634627788806,
    -0.15393594628036986,
    0.10945921688899757,
    -0.16647017805512013,
    0.04124806971641019,
    -0.06327938320065646,
    0.017034656218517776,
    0.12323061696966107,
    0.02282983895667809,
    -0.12540987089794353
  ],
  "history": [
    {
      "generation": 0,
      "bestReward": 53.56708020527311,
      "meanReward": -218.5792284525735,
      "eliteMeanReward": -28.678835453203
    },
    {
      "generation": 1,
      "bestReward": 53.90998450097352,
      "meanReward": -169.74294183715025,
      "eliteMeanReward": -32.89543880180746
    },
    {
      "generation": 2,
      "bestReward": 55.20967523227904,
      "meanReward": -144.691461006564,
      "eliteMeanReward": 15.493049964278494
    },
    {
      "generation": 3,
      "bestReward": 63.919614804018636,
      "meanReward": -114.83274408841655,
      "eliteMeanReward": 3.4023329518965397
    },
    {
      "generation": 4,
      "bestReward": 56.831751454932146,
      "meanReward": -258.1282985969738,
      "eliteMeanReward": 9.356334527532535
    },
    {
      "generation": 5,
      "bestReward": 51.53166666666867,
      "meanReward": -210.6499821349361,
      "eliteMeanReward": 30.231199874987386
    },
    {
      "generation": 6,
      "bestReward": 196.22857399009936,
      "meanReward": -142.21472930905372,
      "eliteMeanReward": 116.08401431822158
    },
    {
      "generation": 7,
      "bestReward": 209.66166666666953,
      "meanReward": -41.01875462867579,
      "eliteMeanReward": 102.83324761405584
    },
    {
      "generation": 8,
      "bestReward": 139.16333333333614,
      "meanReward": -142.91862393701936,
      "eliteMeanReward": 85.45508938307383
    },
    {
      "generation": 9,
      "bestReward": 35.3316666666687,
      "meanReward": -191.38293705490133,
      "eliteMeanReward": 15.312465141941193
    }
  ]
}