{
  "generation": 20,
  "mu": [
    -0.1173224438647535,
    -0.025505238727500695,
    -0.005128069325891981,
    -0.019611209825028418,
    0.013211334789805245,
    0.12417557684441496,
    -0.07763605388098979,
    0.10889225838694368,
    0.03545600905576377,
    0.06920633149886489,
    -0.05610272228232298,
    0.024588365611703807,
    -0.045216037920784595,
    -0.05028662654998348,
    -0.1616199362374871,
    -0.023901887989035017,
    0.010346939828127677,
    0.1600826127410667,
    -0.02297085987965137,
    -0.08098050901948886,
    0.015672535108849226,
    0.08000545368385073,
    0.03344461576402082,
    0.04856739168335795,
    -0.08624897985409745,
    0.007961751416634513,
    0.06914786663890873,
    0.025933525338125058,
    -0.07887722600250323,
    -0.14252920797186336,
    -0.10456658367700111,
    -0.16158768502242088,
    -0.01532402135585137,
    0.05735448740882598,
    -0.0644251964078296,
    -0.045994310316832675,
    0.12369125525606477,
    0.03835666013175772,
    0.008552246718536905,
    -0.14652475304590162,
    0.1092176503004915,
    -0.16218455343931873,
    0.0311601808878089,
    -0.05422349007465214,
    -0.04402353316245598,
    0.22389881759422764,
    0.03846372874527498,
    -0.13580160543615957
  ],
  "sigma": [
    0.019436533558093397,
    0.01363706062219182,
    0.01,
    0.01,
    0.014035723966383747,
    0.01,
    0.01,
    0.01,
    0.013747414242708547,
    0.01,
    0.01,
    0.011062927190062537,
    0.01,
    0.01,
    0.01,
    0.01,
    0.010216006562358156,
    0.01,
    0.01,
    0.01,
    0.01,
    0.01,
    0.01,
    0.01,
    0.014626898484218219,
    0.010064735075981367,
    0.01,
    0.01,
    0.012929936088657817,
    0.010862589236676995,
    0.013519647576815653,
    0.014597623257126768,
    0.011608560679300918,
    0.01,
    0.018221273631830143,
    0.01163567332852648,
    0.017741580809810847,
    0.012611741973081052,
    0.010937955424178452,
    0.01,
    0.01021106726761423,
    0.01,
    0.01,
    0.010105761069474029,
    0.011064437523860255,
    0.01,
    0.01,
    0.010473496992453878
  ],
  "bestReward": 209.66166666666953,
  "bestWeights": [
    -0.10008797716839903,
    -0.049303618094766744,
    -0.012057668988639978,
    -0.02723527555231598,
    0.026057965617266723,
    0.06387798089468652,
    -0.019158784299363886,
    0.12166167336245945,
    0.02318927249409202,
    0.0332753036872856,
    -0.02960955992119899,
    0.021902608187766525,
    -0.047621397379701884,
    -0.039005934027271844,
    -0.2061197446552116,
    -0.008513477086336685,
    -0.007811243113326058,
    0.1313500259866222,
    0.02099916912802622,
    -0.055078645063076706,
    0.007209358348316361,
    -0.12483788478188992,
    0.03893631016258585,
    0.07064409720385811,
    -0.0688748563811699,
    0.01051720337305696,
    0.05013206825439165,
    -0.003829074056057554,
    -0.039868596124482576,
    -0.0059843244073961716,
    -0.09195021464192882,
    -0.1484285477846679,
    -0.02204566595653075,
    0.047703054015893476,
    -0.05215923876524502,
    -0.03949907901664055,
    0.09155192532689743,
    0.04805995860579389,
    0.036759634627788806,
    -0.15393594628036986,
    0.10945921688899757,
    -0.16647017805512013,
    0.04124806971641019,
    -0.06327938320065646,
    0.017034656218517776,
    0.12323061696966107,
    0.02282983895667809,
    -0.12540987089794353
  ],
  "history": [
    {
      "generation": 0,
      "bestReward": 53.56708020527311,
      "meanReward": -218.5792284525735,
      "eliteMeanReward": -28.678835453203
    },
    {
      "generation": 1,
      "bestReward": 53.90998450097352,
      "meanReward": -169.74294183715025,
      "eliteMeanReward": -32.89543880180746
    },
    {
      "generation": 2,
      "bestReward": 55.20967523227904,
      "meanReward": -144.691461006564,
      "eliteMeanReward": 15.493049964278494
    },
    {
      "generation": 3,
      "bestReward": 63.919614804018636,
      "meanReward": -114.83274408841655,
      "eliteMeanReward": 3.4023329518965397
    },
    {
      "generation": 4,
      "bestReward": 56.831751454932146,
      "meanReward": -258.1282985969738,
      "eliteMeanReward": 9.356334527532535
    },
    {
      "generation": 5,
      "bestReward": 51.53166666666867,
      "meanReward": -210.6499821349361,
      "eliteMeanReward": 30.231199874987386
    },
    {
      "generation": 6,
      "bestReward": 196.22857399009936,
      "meanReward": -142.21472930905372,
      "eliteMeanReward": 116.08401431822158
    },
    {
      "generation": 7,
      "bestReward": 209.66166666666953,
      "meanReward": -41.01875462867579,
      "eliteMeanReward": 102.83324761405584
    },
    {
      "generation": 8,
      "bestReward": 139.16333333333614,
      "meanReward": -142.91862393701936,
      "eliteMeanReward": 85.45508938307383
    },
    {
      "generation": 9,
      "bestReward": 35.3316666666687,
      "meanReward": -191.38293705490133,
      "eliteMeanReward": 15.312465141941193
    },
    {
      "generation": 10,
      "bestReward": 9.685887529067871,
      "meanReward": -375.29588278503684,
      "eliteMeanReward": -68.95316077683273
    },
    {
      "generation": 11,
      "bestReward": 55.09898418922701,
      "meanReward": -56.49967642677475,
      "eliteMeanReward": 49.456132135125614
    },
    {
      "generation": 12,
      "bestReward": 55.50425654400634,
      "meanReward": -30.788684426257834,
      "eliteMeanReward": 52.636181849225885
    },
    {
      "generation": 13,
      "bestReward": 120.93000000000231,
      "meanReward": -42.46222735888052,
      "eliteMeanReward": 61.249283061321194
    },
    {
      "generation": 14,
      "bestReward": 144.39244696150453,
      "meanReward": -33.89804937546907,
      "eliteMeanReward": 98.51696121775288
    },
    {
      "generation": 15,
      "bestReward": 53.181888775717155,
      "meanReward": -51.90016192579039,
      "eliteMeanReward": 26.813202023734988
    },
    {
      "generation": 16,
      "bestReward": 126.32772235600837,
      "meanReward": -31.220368787535516,
      "eliteMeanReward": 68.37817328942673
    },
    {
      "generation": 17,
      "bestReward": 119.53000000000242,
      "meanReward": -34.67021110943321,
      "eliteMeanReward": 72.09754706749843
    },
    {
      "generation": 18,
      "bestReward": 56.15283448759995,
      "meanReward": -69.45304217886877,
      "eliteMeanReward": -47.04737115572791
    },
    {
      "generation": 19,
      "bestReward": 123.37035264093922,
      "meanReward": -33.36197447037481,
      "eliteMeanReward": 82.3303638595271
    }
  ]
}