{
  "generation": 20,
  "mu": [
    -0.002543373439442693,
    0.03335501851792232,
    -0.12401175159646556,
    -0.024691913320344993,
    0.05058082760086761,
    0.07156135906668634,
    0.04588053557762083,
    0.01989471242682119,
    -0.0014421651682819648,
    -0.05569345047316552,
    -0.029225987176152757,
    -0.050356919298208846,
    0.21205840148303653,
    0.04198675943370341,
    -0.16361858692897419,
    -0.14529371544036512,
    0.08149218639541836,
    0.0394619434078823,
    0.20955859128890553,
    -0.0029337262753517516,
    -0.07758854299988721,
    -0.06190411970882258,
    -0.043756254951632156,
    0.04328727884266768,
    0.06552849844417341,
    0.005597287265632673,
    0.039301333716781864,
    -0.040723546942381436,
    0.2213986748717168,
    -0.1294449801110044,
    0.005583063144052903,
    -0.028430450416007825,
    -0.2383701789646122,
    -0.005844231441327254,
    0.055030182430518916,
    0.0014844897865413087,
    -0.1827244309497406,
    0.06951955136692585,
    -0.04412199403171678,
    -0.005423992778731823,
    -0.049856778283464895,
    -0.1428180721906081,
    -0.11170789263701646,
    -0.1366328219174341,
    -0.01138810508309009,
    -0.006819312242959517,
    0.04503920318748981,
    0.056995973073774575
  ],
  "sigma": [
    0.01,
    0.01,
    0.014680345569251121,
    0.049653048035846095,
    0.01,
    0.01705775882293614,
    0.011274589288556647,
    0.01,
    0.01,
    0.01,
    0.01,
    0.011611628578837968,
    0.01,
    0.011649897532896428,
    0.012212415752355332,
    0.01,
    0.01783002444620454,
    0.01,
    0.01,
    0.01,
    0.01643807800870504,
    0.01,
    0.010143309739908325,
    0.010781449788509177,
    0.01,
    0.01,
    0.014710118910066365,
    0.011310023143244013,
    0.010330920636640319,
    0.010970148251518616,
    0.01,
    0.010716322845949838,
    0.01,
    0.01,
    0.011476185603727014,
    0.01192597371810597,
    0.01,
    0.011582621676043105,
    0.01158530914957086,
    0.014103317439478411,
    0.01,
    0.01,
    0.01158253427360783,
    0.01,
    0.010428006004850552,
    0.01,
    0.01,
    0.010595289406083926
  ],
  "bestReward": 317.7144639903958,
  "bestWeights": [
    0.0016419240408848677,
    0.03649102027874748,
    -0.11910174439926655,
    -0.10519479280369734,
    0.054615354532164574,
    0.04818556609400772,
    0.03362861181108365,
    0.02039008864391815,
    -0.003839099123853946,
    -0.04856688277301418,
    -0.02214600844567757,
    -0.05939871730272558,
    0.21845061103550423,
    0.045210777121864,
    -0.16302275579787093,
    -0.14436514005920345,
    0.07641069683912576,
    0.033969872295126574,
    0.21761113950434008,
    0.010853585498991049,
    -0.09861349655728499,
    -0.05770997736884862,
    -0.034778477118942996,
    0.04156483506624936,
    0.06849813665968485,
    0.0008906891884830847,
    0.041631924682315136,
    -0.05345996275799162,
    0.2186054839243819,
    -0.12929640556040353,
    0.005358180317482407,
    -0.046136642186411156,
    -0.24840140560836937,
    -0.01631233856386692,
    0.04300556287399966,
    0.015514531263769196,
    -0.18617703399182456,
    0.05322697594781815,
    -0.04296730436582901,
    0.011199665394600593,
    -0.050137150140883685,
    -0.14352760114249094,
    -0.09189623166809875,
    -0.13619198402589944,
    -0.009025441732497492,
    -0.022246339910583245,
    0.0505433620426763,
    0.061857026514498675
  ],
  "history": [
    {
      "generation": 0,
      "bestReward": 23.498333333333207,
      "meanReward": -126.36487946032678,
      "eliteMeanReward": -24.06108543356317
    },
    {
      "generation": 1,
      "bestReward": 83.66333333333566,
      "meanReward": -153.81725854735788,
      "eliteMeanReward": -29.527808541929186
    },
    {
      "generation": 2,
      "bestReward": 253.52833333333433,
      "meanReward": -87.27635919701063,
      "eliteMeanReward": 137.24926896648842
    },
    {
      "generation": 3,
      "bestReward": 42.76552588150777,
      "meanReward": -92.92382995734485,
      "eliteMeanReward": -50.463249410602465
    },
    {
      "generation": 4,
      "bestReward": 206.80958974349164,
      "meanReward": -240.42228870072896,
      "eliteMeanReward": 21.736871741555063
    },
    {
      "generation": 5,
      "bestReward": 89.03166666666834,
      "meanReward": -293.1341351048967,
      "eliteMeanReward": 11.921233840833548
    },
    {
      "generation": 6,
      "bestReward": 89.84663739871328,
      "meanReward": -195.18883254476896,
      "eliteMeanReward": -9.020027133591679
    },
    {
      "generation": 7,
      "bestReward": 183.84570041083774,
      "meanReward": -80.99290760579845,
      "eliteMeanReward": 108.72850045525755
    },
    {
      "generation": 8,
      "bestReward": 209.07680314679592,
      "meanReward": -152.7678809355723,
      "eliteMeanReward": 154.46510906935276
    },
    {
      "generation": 9,
      "bestReward": 92.2153101107824,
      "meanReward": -277.6767746473182,
      "eliteMeanReward": 55.407150469030626
    },
    {
      "generation": 10,
      "bestReward": 216.25462457720053,
      "meanReward": -47.26172605563059,
      "eliteMeanReward": 177.6054409679144
    },
    {
      "generation": 11,
      "bestReward": 193.86970957966184,
      "meanReward": -36.590570787659885,
      "eliteMeanReward": 149.46287201396316
    },
    {
      "generation": 12,
      "bestReward": 172.6326104900591,
      "meanReward": -24.50583764406938,
      "eliteMeanReward": 107.0053118509273
    },
    {
      "generation": 13,
      "bestReward": 185.8625940644907,
      "meanReward": -3.8538462920457293,
      "eliteMeanReward": 110.62618229301411
    },
    {
      "generation": 14,
      "bestReward": 95.07008781923477,
      "meanReward": -95.11132761293803,
      "eliteMeanReward": 59.65622351444208
    },
    {
      "generation": 15,
      "bestReward": 90.53677586366811,
      "meanReward": -137.54574430414726,
      "eliteMeanReward": 82.55144422070799
    },
    {
      "generation": 16,
      "bestReward": 210.7633333333358,
      "meanReward": -39.001439214958125,
      "eliteMeanReward": 115.52209802760441
    },
    {
      "generation": 17,
      "bestReward": 192.90231874161395,
      "meanReward": -166.91960903014373,
      "eliteMeanReward": 111.72409686328137
    },
    {
      "generation": 18,
      "bestReward": 181.91286747816616,
      "meanReward": -119.28836008819562,
      "eliteMeanReward": 43.62720924087178
    },
    {
      "generation": 19,
      "bestReward": 317.7144639903958,
      "meanReward": -7.828037400752848,
      "eliteMeanReward": 155.74461568742908
    }
  ]
}