{
  "generation": 30,
  "mu": [
    0.0003407492268905198,
    0.04545084957736615,
    -0.11111968523801101,
    0.0010380526579525414,
    0.03731637424180123,
    0.03900155545807395,
    0.046762380500034686,
    -0.0018746990327060211,
    0.006932262867849484,
    -0.04742150118717849,
    -0.024129879612393053,
    -0.06071873621687035,
    0.2175078145806828,
    0.03065722156856368,
    -0.18056370651504589,
    -0.16224724533939866,
    0.09447490061819798,
    0.03353484578319518,
    0.21313763287915322,
    0.006256220915740432,
    -0.09510714002954294,
    -0.038457273396893414,
    -0.042989948071493464,
    0.05860648290748195,
    0.044385644506010825,
    0.014349582181334114,
    0.02169026662180017,
    -0.03061212562688963,
    0.21182273130669546,
    -0.14946540618108992,
    0.00326782512275139,
    -0.06077410135642469,
    -0.2399143018908365,
    -0.03148330682368885,
    0.031803940619540505,
    -0.028562846621616334,
    -0.1869425365117326,
    0.08667610323066545,
    -0.03685961113952537,
    -0.02212990581577628,
    -0.05017808348101384,
    -0.14695606515196155,
    -0.12468338191875228,
    -0.13494730311180328,
    -0.03524575963823888,
    -0.005037635950768914,
    0.04918303155348315,
    0.07535363149380128
  ],
  "sigma": [
    0.011843498904187453,
    0.015613522925032404,
    0.01,
    0.0229029012437006,
    0.01,
    0.014855965720463719,
    0.01,
    0.01026432618107797,
    0.01,
    0.015146788974334417,
    0.01,
    0.01,
    0.01180955441113272,
    0.01,
    0.014736462959163527,
    0.01,
    0.01,
    0.01,
    0.01,
    0.01,
    0.01,
    0.01,
    0.017011654524764698,
    0.015737777155939887,
    0.01,
    0.01,
    0.016409716958644675,
    0.015260445725111203,
    0.01,
    0.01,
    0.01,
    0.01125840988337261,
    0.0104573517370108,
    0.01,
    0.01,
    0.01,
    0.01,
    0.01,
    0.016440349182718448,
    0.012273086821981173,
    0.01,
    0.01,
    0.013175868097722514,
    0.011765665243757018,
    0.01069334517569411,
    0.01,
    0.01,
    0.01
  ],
  "bestReward": 418.8511488407418,
  "bestWeights": [
    -0.0018720736051629225,
    0.03787815757208044,
    -0.13719422341630166,
    0.048862781871466046,
    0.04173644538090881,
    0.0326153188097866,
    0.03741495512546828,
    0.022277960559414542,
    -0.015983017638433107,
    -0.051843357844680124,
    -0.05063692802992423,
    -0.021316009120463848,
    0.2208554933547093,
    0.037396731448591555,
    -0.17425099318461915,
    -0.14415237411289958,
    0.08303665426024942,
    0.03615630090680138,
    0.23124903489377902,
    -0.007025366765348691,
    -0.08796569120247968,
    -0.05958462651980026,
    -0.04513636859008072,
    0.04565045946137075,
    0.04857173057054106,
    -0.0062390435997680144,
    -0.006469286057238385,
    -0.035515099001263616,
    0.2345755395180686,
    -0.12031799168145449,
    0.006688042510134049,
    -0.03054449951867282,
    -0.22830060100730326,
    -0.013224313945523793,
    0.032251851710171,
    -0.012862044160234688,
    -0.19571596311987532,
    0.07157413888230178,
    -0.01974515537297154,
    -0.00397495085579737,
    -0.06409735194517219,
    -0.13098025787507,
    -0.11378453806369514,
    -0.13965786418164375,
    -0.0019676105230729234,
    -0.014813322176096134,
    0.04628571706535182,
    0.07930923721195395
  ],
  "history": [
    {
      "generation": 0,
      "bestReward": 23.498333333333207,
      "meanReward": -126.36487946032678,
      "eliteMeanReward": -24.06108543356317
    },
    {
      "generation": 1,
      "bestReward": 83.66333333333566,
      "meanReward": -153.81725854735788,
      "eliteMeanReward": -29.527808541929186
    },
    {
      "generation": 2,
      "bestReward": 253.52833333333433,
      "meanReward": -87.27635919701063,
      "eliteMeanReward": 137.24926896648842
    },
    {
      "generation": 3,
      "bestReward": 42.76552588150777,
      "meanReward": -92.92382995734485,
      "eliteMeanReward": -50.463249410602465
    },
    {
      "generation": 4,
      "bestReward": 206.80958974349164,
      "meanReward": -240.42228870072896,
      "eliteMeanReward": 21.736871741555063
    },
    {
      "generation": 5,
      "bestReward": 89.03166666666834,
      "meanReward": -293.1341351048967,
      "eliteMeanReward": 11.921233840833548
    },
    {
      "generation": 6,
      "bestReward": 89.84663739871328,
      "meanReward": -195.18883254476896,
      "eliteMeanReward": -9.020027133591679
    },
    {
      "generation": 7,
      "bestReward": 183.84570041083774,
      "meanReward": -80.99290760579845,
      "eliteMeanReward": 108.72850045525755
    },
    {
      "generation": 8,
      "bestReward": 209.07680314679592,
      "meanReward": -152.7678809355723,
      "eliteMeanReward": 154.46510906935276
    },
    {
      "generation": 9,
      "bestReward": 92.2153101107824,
      "meanReward": -277.6767746473182,
      "eliteMeanReward": 55.407150469030626
    },
    {
      "generation": 10,
      "bestReward": 216.25462457720053,
      "meanReward": -47.26172605563059,
      "eliteMeanReward": 177.6054409679144
    },
    {
      "generation": 11,
      "bestReward": 193.86970957966184,
      "meanReward": -36.590570787659885,
      "eliteMeanReward": 149.46287201396316
    },
    {
      "generation": 12,
      "bestReward": 172.6326104900591,
      "meanReward": -24.50583764406938,
      "eliteMeanReward": 107.0053118509273
    },
    {
      "generation": 13,
      "bestReward": 185.8625940644907,
      "meanReward": -3.8538462920457293,
      "eliteMeanReward": 110.62618229301411
    },
    {
      "generation": 14,
      "bestReward": 95.07008781923477,
      "meanReward": -95.11132761293803,
      "eliteMeanReward": 59.65622351444208
    },
    {
      "generation": 15,
      "bestReward": 90.53677586366811,
      "meanReward": -137.54574430414726,
      "eliteMeanReward": 82.55144422070799
    },
    {
      "generation": 16,
      "bestReward": 210.7633333333358,
      "meanReward": -39.001439214958125,
      "eliteMeanReward": 115.52209802760441
    },
    {
      "generation": 17,
      "bestReward": 192.90231874161395,
      "meanReward": -166.91960903014373,
      "eliteMeanReward": 111.72409686328137
    },
    {
      "generation": 18,
      "bestReward": 181.91286747816616,
      "meanReward": -119.28836008819562,
      "eliteMeanReward": 43.62720924087178
    },
    {
      "generation": 19,
      "bestReward": 317.7144639903958,
      "meanReward": -7.828037400752848,
      "eliteMeanReward": 155.74461568742908
    },
    {
      "generation": 20,
      "bestReward": 418.8511488407418,
      "meanReward": 22.15893260983656,
      "eliteMeanReward": 227.02628210448975
    },
    {
      "generation": 21,
      "bestReward": 93.96114731674062,
      "meanReward": -77.2877872183578,
      "eliteMeanReward": 25.87771958347262
    },
    {
      "generation": 22,
      "bestReward": 92.46995042080624,
      "meanReward": -20.392818358606547,
      "eliteMeanReward": 91.85524273618562
    },
    {
      "generation": 23,
      "bestReward": 59.59601140581663,
      "meanReward": -59.79255322225724,
      "eliteMeanReward": -19.92460131629783
    },
    {
      "generation": 24,
      "bestReward": 313.46166666666886,
      "meanReward": -38.92736674875265,
      "eliteMeanReward": 149.14264645743873
    },
    {
      "generation": 25,
      "bestReward": 216.5336557254872,
      "meanReward": -2.5894736037942083,
      "eliteMeanReward": 126.34130233066514
    },
    {
      "generation": 26,
      "bestReward": 215.847960269781,
      "meanReward": -56.866629201156684,
      "eliteMeanReward": 157.2438575480546
    },
    {
      "generation": 27,
      "bestReward": 193.3045634163167,
      "meanReward": -155.43496166373774,
      "eliteMeanReward": 71.8418712522172
    },
    {
      "generation": 28,
      "bestReward": 92.77737471617478,
      "meanReward": -141.78881999852038,