{
  "generation": 40,
  "mu": [
    0.03273104432687695,
    0.017388794568012206,
    -0.11645712899298286,
    0.02734220506968605,
    0.039977845926740904,
    0.010944856715031561,
    0.04160607486103603,
    -0.01661079501126445,
    -0.01494646936997288,
    -0.019858268288518294,
    -0.029625515314083185,
    -0.0465111547308072,
    0.20961220038852885,
    -0.003613943267509606,
    -0.16710359242272355,
    -0.1484175975622231,
    0.07955875165212137,
    0.06744943125606022,
    0.22729417484631353,
    0.017104741724030252,
    -0.11133642829144304,
    0.005672235853772507,
    -0.01969681151794702,
    0.05954778554048941,
    0.06931423649296221,
    -0.010226213406324956,
    -0.0025273980303479955,
    -0.007170670507470162,
    0.22579906832624858,
    -0.15332414902202351,
    0.010822349547828214,
    -0.03629580840658076,
    -0.26341791799308945,
    -0.07619827231300483,
    0.026751859695096674,
    -0.023060210765827656,
    -0.19511359128193068,
    0.0951038522493022,
    -0.05437046041442265,
    -0.01971224988570149,
    -0.0559370843201503,
    -0.12193441313911166,
    -0.12444390919000596,
    -0.16600617250301014,
    -0.004667891678021852,
    -0.004909743535439604,
    0.0629778768515327,
    0.07369093098377066
  ],
  "sigma": [
    0.01,
    0.01,
    0.01,
    0.010681570516765502,
    0.01,
    0.018079363269301128,
    0.01,
    0.011683760331340188,
    0.01,
    0.01,
    0.01,
    0.010976393041141598,
    0.01,
    0.01,
    0.011512601952890212,
    0.011425256780691844,
    0.01,
    0.01,
    0.01,
    0.01,
    0.013784110451797135,
    0.01,
    0.01,
    0.01,
    0.01,
    0.01,
    0.01,
    0.01,
    0.01,
    0.013480459313752807,
    0.010506926916440465,
    0.01,
    0.01,
    0.01,
    0.01765626864910454,
    0.011040787104275234,
    0.010453900967559378,
    0.012298215525886936,
    0.02001403997809214,
    0.01,
    0.01,
    0.011101533428280679,
    0.01,
    0.01,
    0.010942329175165792,
    0.01,
    0.01,
    0.01
  ],
  "bestReward": 419.8419466498131,
  "bestWeights": [
    0.028897982580243613,
    0.04218036466827973,
    -0.10610000714465562,
    0.029926464843110467,
    0.049872359965329224,
    0.0287163699513519,
    0.05590929350218197,
    -0.014822775626700129,
    0.005469995640903721,
    -0.040895899890940675,
    -0.02067213880519124,
    -0.04471481496036292,
    0.23231532087164977,
    0.009340343019054849,
    -0.17107836212407973,
    -0.14753235688872127,
    0.07556318715140743,
    0.03584622739376312,
    0.21957276175606105,
    -0.00046697643672375354,
    -0.10836114315626863,
    -0.011835095614265923,
    -0.03996606600821586,
    0.09010901575906663,
    0.05039020974105588,
    0.010971694632626053,
    0.008042213208771336,
    -0.023056903430595084,
    0.2421805853959875,
    -0.1469387221698262,
    0.00643430130511742,
    -0.07183526747649807,
    -0.2380099692663988,
    -0.047915138943257746,
    0.02998165710284218,
    -0.022532024089100093,
    -0.18295643234338246,
    0.08122404168143142,
    -0.032242637327846574,
    -0.002401555367348346,
    -0.03691011055809615,
    -0.13165845617838148,
    -0.13514258499904835,
    -0.1361407356745077,
    -0.018414912273506577,
    -0.00953143928916761,
    0.06433613865730065,
    0.07460206452917349
  ],
  "history": [
    {
      "generation": 0,
      "bestReward": 23.498333333333207,
      "meanReward": -126.36487946032678,
      "eliteMeanReward": -24.06108543356317
    },
    {
      "generation": 1,
      "bestReward": 83.66333333333566,
      "meanReward": -153.81725854735788,
      "eliteMeanReward": -29.527808541929186
    },
    {
      "generation": 2,
      "bestReward": 253.52833333333433,
      "meanReward": -87.27635919701063,
      "eliteMeanReward": 137.24926896648842
    },
    {
      "generation": 3,
      "bestReward": 42.76552588150777,
      "meanReward": -92.92382995734485,
      "eliteMeanReward": -50.463249410602465
    },
    {
      "generation": 4,
      "bestReward": 206.80958974349164,
      "meanReward": -240.42228870072896,
      "eliteMeanReward": 21.736871741555063
    },
    {
      "generation": 5,
      "bestReward": 89.03166666666834,
      "meanReward": -293.1341351048967,
      "eliteMeanReward": 11.921233840833548
    },
    {
      "generation": 6,
      "bestReward": 89.84663739871328,
      "meanReward": -195.18883254476896,
      "eliteMeanReward": -9.020027133591679
    },
    {
      "generation": 7,
      "bestReward": 183.84570041083774,
      "meanReward": -80.99290760579845,
      "eliteMeanReward": 108.72850045525755
    },
    {
      "generation": 8,
      "bestReward": 209.07680314679592,
      "meanReward": -152.7678809355723,
      "eliteMeanReward": 154.46510906935276
    },
    {
      "generation": 9,
      "bestReward": 92.2153101107824,
      "meanReward": -277.6767746473182,
      "eliteMeanReward": 55.407150469030626
    },
    {
      "generation": 10,
      "bestReward": 216.25462457720053,
      "meanReward": -47.26172605563059,
      "eliteMeanReward": 177.6054409679144
    },
    {
      "generation": 11,
      "bestReward": 193.86970957966184,
      "meanReward": -36.590570787659885,
      "eliteMeanReward": 149.46287201396316
    },
    {
      "generation": 12,
      "bestReward": 172.6326104900591,
      "meanReward": -24.50583764406938,
      "eliteMeanReward": 107.0053118509273
    },
    {
      "generation": 13,
      "bestReward": 185.8625940644907,
      "meanReward": -3.8538462920457293,
      "eliteMeanReward": 110.62618229301411
    },
    {
      "generation": 14,
      "bestReward": 95.07008781923477,
      "meanReward": -95.11132761293803,
      "eliteMeanReward": 59.65622351444208
    },
    {
      "generation": 15,
      "bestReward": 90.53677586366811,
      "meanReward": -137.54574430414726,
      "eliteMeanReward": 82.55144422070799
    },
    {
      "generation": 16,
      "bestReward": 210.7633333333358,
      "meanReward": -39.001439214958125,
      "eliteMeanReward": 115.52209802760441
    },
    {
      "generation": 17,
      "bestReward": 192.90231874161395,
      "meanReward": -166.91960903014373,
      "eliteMeanReward": 111.72409686328137
    },
    {
      "generation": 18,
      "bestReward": 181.91286747816616,
      "meanReward": -119.28836008819562,
      "eliteMeanReward": 43.62720924087178
    },
    {
      "generation": 19,
      "bestReward": 317.7144639903958,
      "meanReward": -7.828037400752848,
      "eliteMeanReward": 155.74461568742908
    },
    {
      "generation": 20,
      "bestReward": 418.8511488407418,
      "meanReward": 22.15893260983656,
      "eliteMeanReward": 227.02628210448975
    },
    {
      "generation": 21,
      "bestReward": 93.96114731674062,
      "meanReward": -77.2877872183578,
      "eliteMeanReward": 25.87771958347262
    },
    {
      "generation": 22,
      "bestReward": 92.46995042080624,
      "meanReward": -20.392818358606547,
      "eliteMeanReward": 91.85524273618562
    },
    {
      "generation": 23,
      "bestReward": 59.59601140581663,
      "meanReward": -59.79255322225724,
      "eliteMeanReward": -19.92460131629783
    },
    {
      "generation": 24,
      "bestReward": 313.46166666666886,
      "meanReward": -38.92736674875265,
      "eliteMeanReward": 149.14264645743873
    },
    {
      "generation": 25,
      "bestReward": 216.5336557254872,
      "meanReward": -2.5894736037942083,
      "eliteMeanReward": 126.34130233066514
    },
    {
      "generation": 26,
      "bestReward": 215.847960269781,
      "meanReward": -56.866629201156684,
      "eliteMeanReward": 157.2438575480546
    },
    {
      "generation": 27,
      "bestReward": 193.3045634163167,
      "meanReward": -155.43496166373774,
      "eliteMeanReward": 71.8418712522172
    },
    {
      "generation": 28,
      "bestReward": 92.77737471617478,
      "meanReward": -141.78881999852038,