{
  "generation": 10,
  "mu": [
    0.006985362867169909,
    0.024839262651773834,
    -0.09596621901533339,
    -0.03810416648000151,
    0.03983035050194873,
    0.06515140009423508,
    0.05442304007392131,
    0.019969551488845806,
    0.009032296890831121,
    -0.053372276852369095,
    -0.035464178508381974,
    -0.0599742999789742,
    0.2007892689918318,
    0.0348749145621735,
    -0.17899602203333423,
    -0.14592306682809736,
    0.08382383700140512,
    -0.004476603933383241,
    0.15939802692036276,
    -0.012458453461925593,
    -0.07592152438781793,
    -0.055675596182386634,
    -0.040352311972453245,
    0.012663501652216348,
    0.017311493618252217,
    -0.007097184366876684,
    0.05147870116523686,
    -0.004325889725117419,
    0.2385470398715316,
    -0.11732151742600554,
    0.017149158608066376,
    -0.043964614874192294,
    -0.2013364281021423,
    0.0005046146811551064,
    0.04177132688342989,
    -0.006706141272223994,
    -0.17411542785965126,
    0.03655265944722842,
    -0.04400686931541517,
    0.006517514900625862,
    -0.047076355483983943,
    -0.11702222261241561,
    -0.015428524541087452,
    -0.1042125519122793,
    0.017133714443063233,
    -0.016695423099621538,
    0.01929438326144702,
    0.026928480415687656
  ],
  "sigma": [
    0.01,
    0.012062641728252938,
    0.010250433826496185,
    0.01,
    0.010192647345718347,
    0.01,
    0.01,
    0.01,
    0.01,
    0.01,
    0.01,
    0.01947651619677109,
    0.01,
    0.01,
    0.015565323507794136,
    0.01,
    0.06822741778596438,
    0.031502806729756694,
    0.0347622806663071,
    0.03920367019850892,
    0.0341828164121303,
    0.011247536775773956,
    0.01,
    0.045182881953470394,
    0.01,
    0.01158284352400825,
    0.011936905447565274,
    0.01,
    0.01,
    0.013534690100208701,
    0.01,
    0.014421305850183872,
    0.029002242000820105,
    0.012958735651450561,
    0.011863910227279515,
    0.01,
    0.01,
    0.013525764892227368,
    0.01,
    0.012810821364384583,
    0.011671433990659775,
    0.01,
    0.042131803515096676,
    0.022998903783144835,
    0.0162277526711202,
    0.01,
    0.01,
    0.01219958616606282
  ],
  "bestReward": 253.52833333333433,
  "bestWeights": [
    0.0033470014801694186,
    0.036529027142674114,
    -0.1691458777667232,
    -0.012590559220251558,
    -0.0008332805299248874,
    0.02702291296266101,
    -0.039913627502119194,
    0.07199471618451975,
    0.10089796169376165,
    -0.1366491023943093,
    -0.08663836989304968,
    -0.09574229150003039,
    0.13837833715515818,
    0.02528884300416149,
    -0.14351023608126695,
    -0.09950463338918382,
    0.005628755353689202,
    -0.06935201303892824,
    0.07535861106380873,
    0.02271141036840913,
    -0.05270872865090978,
    -0.048570935081340014,
    -0.042947382594146224,
    0.12688849675930347,
    0.07039576358480854,
    -0.13627533555404303,
    0.03700519503775489,
    0.018115978847612152,
    0.16049581928471934,
    -0.09079737182160491,
    -0.03068503999787224,
    0.0740032056075565,
    -0.09523879469465898,
    -0.028396640464084057,
    0.0570888063890012,
    -0.07235451149457137,
    -0.013677218348291775,
    -0.001219425221081604,
    -0.11236362476242404,
    0.03173154056132007,
    -0.16596062490487462,
    -0.19301446327520616,
    -0.01089465804775595,
    -0.15816761538141394,
    -0.01699424049483554,
    0.00038412103187430557,
    0.015478865393291586,
    0.016174530299945103
  ],
  "history": [
    {
      "generation": 0,
      "bestReward": 23.498333333333207,
      "meanReward": -126.36487946032678,
      "eliteMeanReward": -24.06108543356317
    },
    {
      "generation": 1,
      "bestReward": 83.66333333333566,
      "meanReward": -153.81725854735788,
      "eliteMeanReward": -29.527808541929186
    },
    {
      "generation": 2,
      "bestReward": 253.52833333333433,
      "meanReward": -87.27635919701063,
      "eliteMeanReward": 137.24926896648842
    },
    {
      "generation": 3,
      "bestReward": 42.76552588150777,
      "meanReward": -92.92382995734485,
      "eliteMeanReward": -50.463249410602465
    },
    {
      "generation": 4,
      "bestReward": 206.80958974349164,
      "meanReward": -240.42228870072896,
      "eliteMeanReward": 21.736871741555063
    },
    {
      "generation": 5,
      "bestReward": 89.03166666666834,
      "meanReward": -293.1341351048967,
      "eliteMeanReward": 11.921233840833548
    },
    {
      "generation": 6,
      "bestReward": 89.84663739871328,
      "meanReward": -195.18883254476896,
      "eliteMeanReward": -9.020027133591679
    },
    {
      "generation": 7,
      "bestReward": 183.84570041083774,
      "meanReward": -80.99290760579845,
      "eliteMeanReward": 108.72850045525755
    },
    {
      "generation": 8,
      "bestReward": 209.07680314679592,
      "meanReward": -152.7678809355723,
      "eliteMeanReward": 154.46510906935276
    },
    {
      "generation": 9,
      "bestReward": 92.2153101107824,
      "meanReward": -277.6767746473182,
      "eliteMeanReward": 55.407150469030626
    }
  ]
}