{
  "generation": 10,
  "mu": [
    -0.040227087600324306,
    0.11440430822408905,
    -0.03290133363483295,
    0.00361425337374651,
    0.02523630924738087,
    -0.002494076610965447,
    -0.06908003434395414,
    0.061433458436387776,
    -0.026967221770813798,
    0.0308638388972028,
    -0.005551882976909546,
    0.18369418308816793,
    -0.031070517094183608,
    -0.011759283618502012,
    0.06052275348366002,
    -0.05511759846306519,
    0.03532912724971284,
    0.013701303966516993,
    -0.03662711542146447,
    0.02964243882844863,
    0.04155057381263022,
    -0.06187567819457982,
    0.04610365841644911,
    0.009638889394866868,
    -0.018132696128264632,
    -0.1263427523364435,
    -0.038752516662220945,
    -0.023739405728162015,
    -0.052432768507081506,
    -0.04135279749505645,
    -0.052236198873975036,
    -0.042643160519143075,
    0.027482462353847853,
    -0.02612504697888839,
    0.031235833343191473,
    -0.12602592409171226,
    0.04638389876344646,
    0.13261049226575103,
    0.01765259323110158,
    -0.02131025414427399,
    -0.025149461779567783,
    -0.17985426914308078,
    -0.12041246010056172,
    0.11777822056012807,
    -0.03519994288389271,
    0.13617967914461768,
    0.03373034196791956,
    -0.14341996335672122
  ],
  "sigma": [
    0.01,
    0.01,
    0.01,
    0.01,
    0.01,
    0.020821185458719253,
    0.029411707846609843,
    0.01,
    0.013031562709089442,
    0.010950272333427932,
    0.01,
    0.04934077765402851,
    0.02345443176430841,
    0.021015975042529486,
    0.024004341720017495,
    0.010537388544242226,
    0.010475923222031223,
    0.025359386437559743,
    0.012446291414442479,
    0.05191727409671297,
    0.013323648111876892,
    0.0322589797934737,
    0.02160672523275821,
    0.01,
    0.01,
    0.02112332748370787,
    0.012950478572009807,
    0.011247321522369033,
    0.016975145406624967,
    0.01,
    0.012168580563653967,
    0.011927766266258622,
    0.01,
    0.01,
    0.03574680748663431,
    0.01,
    0.058628034710460415,
    0.026446591126458783,
    0.01,
    0.01,
    0.06292859341384756,
    0.034225800208518765,
    0.014607412668896091,
    0.01,
    0.01,
    0.011546165568051837,
    0.02697874630133927,
    0.011414811548736237
  ],
  "bestReward": 140.79937842679928,
  "bestWeights": [
    -0.025970829510711745,
    0.1353364879177555,
    -0.02024115417735959,
    0.001322390366203189,
    0.023116511837061433,
    -0.004289119753306373,
    0.006349370353942174,
    0.05356177153375543,
    -0.0887228080923089,
    0.030092835411792425,
    0.010402685104718848,
    0.09855937954696069,
    0.012299457794927478,
    0.01786811797490879,
    0.1804312347395863,
    -0.0730700568462084,
    0.027118010002387487,
    0.07202799030842114,
    -0.0008210991410262936,
    -0.025175707680494486,
    0.05120179992816306,
    -0.046912411716047465,
    -0.04070566590979535,
    0.009696338484908841,
    0.019652832062267048,
    -0.10293621352483479,
    -0.10901238289239937,
    -0.040322539061964174,
    -0.014206177196621456,
    -0.04039589228267189,
    -0.05435636087430713,
    -0.01843312244151679,
    0.11771931310935306,
    -0.05014606247813511,
    0.08352016167196537,
    -0.1073239057840569,
    -0.055941355455042835,
    0.15091318874878207,
    0.0068111523515769455,
    -0.02034933023806499,
    -0.012712880307025623,
    -0.17932771986254364,
    -0.012758942878535968,
    0.14442408247686098,
    -0.030853740295249774,
    0.0698546170482117,
    0.10103492475695694,
    -0.12241863384293016
  ],
  "history": [
    {
      "generation": 0,
      "bestReward": -58.80166666666591,
      "meanReward": -222.59260866708865,
      "eliteMeanReward": -73.27390523464942
    },
    {
      "generation": 1,
      "bestReward": 32.53166666666916,
      "meanReward": -206.02395144150623,
      "eliteMeanReward": -34.347092693566346
    },
    {
      "generation": 2,
      "bestReward": -23.10166666666593,
      "meanReward": -359.58944729475945,
      "eliteMeanReward": -54.699229442368186
    },
    {
      "generation": 3,
      "bestReward": 40.686797325708994,
      "meanReward": -130.4297415709762,
      "eliteMeanReward": -31.018762202375502
    },
    {
      "generation": 4,
      "bestReward": 37.62311892429636,
      "meanReward": -227.8678298177111,
      "eliteMeanReward": -53.84261264875524
    },
    {
      "generation": 5,
      "bestReward": 140.79937842679928,
      "meanReward": -79.073787650935,
      "eliteMeanReward": 32.9340688142634
    },
    {
      "generation": 6,
      "bestReward": 37.13166666666787,
      "meanReward": -95.57131159522619,
      "eliteMeanReward": -12.12985887094166
    },
    {
      "generation": 7,
      "bestReward": -76.3460647550779,
      "meanReward": -96.43722049981311,
      "eliteMeanReward": -77.17113914653385
    },
    {
      "generation": 8,
      "bestReward": 39.91906189004568,
      "meanReward": -63.48160175234629,
      "eliteMeanReward": 4.33800892757935
    },
    {
      "generation": 9,
      "bestReward": 34.93945511634997,
      "meanReward": -71.4569332078534,
      "eliteMeanReward": -39.97787081368418
    }
  ]
}