{
  "generation": 30,
  "mu": [
    -0.04604462337784397,
    0.10571529670576707,
    -0.06502720573738323,
    0.06126219002382925,
    0.008851151748626685,
    -0.014762561220088477,
    -0.09913135729258715,
    0.08159453821435055,
    -0.05046698277704067,
    0.0558806590663903,
    -0.010469588474999156,
    0.20208127209790022,
    -0.0494803925506206,
    -0.037751555953758814,
    0.09243096730994665,
    -0.06669984725683892,
    0.025325866105515814,
    0.04174270865454649,
    -0.06517770979303131,
    -0.0016200112937904195,
    0.05034823356080168,
    -0.050374357479697554,
    0.07372822692752437,
    0.0003372289151529331,
    -0.04984470260386959,
    -0.1274478722005706,
    -0.042132598308509316,
    -0.05155987386866621,
    -0.0433011437835244,
    -0.0668085382043373,
    -0.0571878311554738,
    -0.04892324661176909,
    0.005024308820297029,
    -0.05302648788620956,
    0.014472093397304727,
    -0.12936752268278656,
    0.03516818957880487,
    0.10425711012482797,
    -0.04480790011787423,
    -0.017691267542081515,
    -0.083280687857936,
    -0.19937468145645268,
    -0.13202559542503495,
    0.0871327096761714,
    -0.058096593310945965,
    0.10924550104425787,
    0.05004851178345637,
    -0.1420291014512666
  ],
  "sigma": [
    0.01,
    0.01,
    0.01,
    0.01,
    0.010317986199674447,
    0.01,
    0.01,
    0.01,
    0.01,
    0.01114773559467681,
    0.01,
    0.01,
    0.010278211242878883,
    0.01,
    0.015470081437340612,
    0.011516565778961757,
    0.011954110078748763,
    0.01,
    0.020091526338417775,
    0.01,
    0.01,
    0.01127252206800843,
    0.01,
    0.023897933647539022,
    0.01,
    0.013318923601153596,
    0.01,
    0.01,
    0.01807388313164169,
    0.014389536601598515,
    0.01,
    0.01,
    0.01692804209180952,
    0.015040977421405309,
    0.01249951733753385,
    0.0161687441224796,
    0.01,
    0.01,
    0.01,
    0.01,
    0.01,
    0.01,
    0.01,
    0.01,
    0.01,
    0.01,
    0.01,
    0.01
  ],
  "bestReward": 140.79937842679928,
  "bestWeights": [
    -0.025970829510711745,
    0.1353364879177555,
    -0.02024115417735959,
    0.001322390366203189,
    0.023116511837061433,
    -0.004289119753306373,
    0.006349370353942174,
    0.05356177153375543,
    -0.0887228080923089,
    0.030092835411792425,
    0.010402685104718848,
    0.09855937954696069,
    0.012299457794927478,
    0.01786811797490879,
    0.1804312347395863,
    -0.0730700568462084,
    0.027118010002387487,
    0.07202799030842114,
    -0.0008210991410262936,
    -0.025175707680494486,
    0.05120179992816306,
    -0.046912411716047465,
    -0.04070566590979535,
    0.009696338484908841,
    0.019652832062267048,
    -0.10293621352483479,
    -0.10901238289239937,
    -0.040322539061964174,
    -0.014206177196621456,
    -0.04039589228267189,
    -0.05435636087430713,
    -0.01843312244151679,
    0.11771931310935306,
    -0.05014606247813511,
    0.08352016167196537,
    -0.1073239057840569,
    -0.055941355455042835,
    0.15091318874878207,
    0.0068111523515769455,
    -0.02034933023806499,
    -0.012712880307025623,
    -0.17932771986254364,
    -0.012758942878535968,
    0.14442408247686098,
    -0.030853740295249774,
    0.0698546170482117,
    0.10103492475695694,
    -0.12241863384293016
  ],
  "history": [
    {
      "generation": 0,
      "bestReward": -58.80166666666591,
      "meanReward": -222.59260866708865,
      "eliteMeanReward": -73.27390523464942
    },
    {
      "generation": 1,
      "bestReward": 32.53166666666916,
      "meanReward": -206.02395144150623,
      "eliteMeanReward": -34.347092693566346
    },
    {
      "generation": 2,
      "bestReward": -23.10166666666593,
      "meanReward": -359.58944729475945,
      "eliteMeanReward": -54.699229442368186
    },
    {
      "generation": 3,
      "bestReward": 40.686797325708994,
      "meanReward": -130.4297415709762,
      "eliteMeanReward": -31.018762202375502
    },
    {
      "generation": 4,
      "bestReward": 37.62311892429636,
      "meanReward": -227.8678298177111,
      "eliteMeanReward": -53.84261264875524
    },
    {
      "generation": 5,
      "bestReward": 140.79937842679928,
      "meanReward": -79.073787650935,
      "eliteMeanReward": 32.9340688142634
    },
    {
      "generation": 6,
      "bestReward": 37.13166666666787,
      "meanReward": -95.57131159522619,
      "eliteMeanReward": -12.12985887094166
    },
    {
      "generation": 7,
      "bestReward": -76.3460647550779,
      "meanReward": -96.43722049981311,
      "eliteMeanReward": -77.17113914653385
    },
    {
      "generation": 8,
      "bestReward": 39.91906189004568,
      "meanReward": -63.48160175234629,
      "eliteMeanReward": 4.33800892757935
    },
    {
      "generation": 9,
      "bestReward": 34.93945511634997,
      "meanReward": -71.4569332078534,
      "eliteMeanReward": -39.97787081368418
    },
    {
      "generation": 10,
      "bestReward": 45.3196361204496,
      "meanReward": -69.07251383285065,
      "eliteMeanReward": -23.315384905377563
    },
    {
      "generation": 11,
      "bestReward": 34.19043515033118,
      "meanReward": -72.21168509165815,
      "eliteMeanReward": -11.313003584636629
    },
    {
      "generation": 12,
      "bestReward": 38.85345919344597,
      "meanReward": -68.2292730081841,
      "eliteMeanReward": 5.292532926501553
    },
    {
      "generation": 13,
      "bestReward": 16.452149730986747,
      "meanReward": -92.05952853311301,
      "eliteMeanReward": -30.41493769753968
    },
    {
      "generation": 14,
      "bestReward": 37.965470490707,
      "meanReward": -97.9282664663385,
      "eliteMeanReward": -26.205124133990296
    },
    {
      "generation": 15,
      "bestReward": 109.4277297954027,
      "meanReward": -73.68837735431528,
      "eliteMeanReward": 48.379661753746205
    },
    {
      "generation": 16,
      "bestReward": 37.07900451837842,
      "meanReward": -70.20715703550034,
      "eliteMeanReward": -0.38740776639040464
    },
    {
      "generation": 17,
      "bestReward": 24.431666666668384,
      "meanReward": -96.79732347216739,
      "eliteMeanReward": -37.534746000802194
    },
    {
      "generation": 18,
      "bestReward": 53.093273792085114,
      "meanReward": -91.90948806990555,
      "eliteMeanReward": -47.070759226576754
    },
    {
      "generation": 19,
      "bestReward": 35.94076930738074,
      "meanReward": -122.17935168265512,
      "eliteMeanReward": -24.224018537419838
    },
    {
      "generation": 20,
      "bestReward": 37.15196231042177,
      "meanReward": -92.3822400774496,
      "eliteMeanReward": -21.59526493350034
    },
    {
      "generation": 21,
      "bestReward": 36.18499536597559,
      "meanReward": -88.55666323378085,
      "eliteMeanReward": -5.335694187542728
    },
    {
      "generation": 22,
      "bestReward": 35.42030428200611,
      "meanReward": -101.80391941535615,
      "eliteMeanReward": -21.33879232547948
    },
    {
      "generation": 23,
      "bestReward": 42.49952354289056,
      "meanReward": -87.82309536213424,
      "eliteMeanReward": -16.373761665611802
    },
    {
      "generation": 24,
      "bestReward": 38.666924678167334,
      "meanReward": -76.9371717184605,
      "eliteMeanReward": -0.1785585535100253
    },
    {
      "generation": 25,
      "bestReward": 40.99251993313288,
      "meanReward": -83.95407559258051,
      "eliteMeanReward": 19.20242133856392
    },
    {
      "generation": 26,
      "bestReward": 43.41921861897775,
      "meanReward": -154.82004972466606,
      "eliteMeanReward": -6.715329962763313
    },
    {
      "generation": 27,
      "bestReward": 42.91538724491608,
      "meanReward": -97.26274541498512,
      "eliteMeanReward": -12.475350420751404
    },
    {
      "generation": 28,
      "bestReward": 40.04419033894746,
      "meanReward": -83.70605071925945,