{
  "generation": 20,
  "mu": [
    -0.04181716660285045,
    0.12163164465065313,
    -0.06730620879977325,
    0.03133085981424212,
    0.01800453918199584,
    -0.021694969471394942,
    -0.0907358131834145,
    0.062387808722877414,
    -0.08070354327979118,
    0.042301502304858116,
    0.0007198166365696313,
    0.194617563731383,
    -0.059046461180913536,
    -0.045273007588664586,
    0.08574734832243992,
    -0.0532500841886588,
    0.018412258926993264,
    0.02777636088555476,
    -0.05954379453823557,
    -0.02248784432055328,
    0.04122708802989612,
    -0.0561024750480308,
    0.07355230102966515,
    0.011399691946953736,
    -0.03162715346410801,
    -0.11556465919612309,
    -0.0192247169523355,
    -0.04452036722842873,
    -0.042996091645493804,
    -0.052679618525170654,
    -0.058014107093097934,
    -0.054795105582435354,
    0.011603225728632354,
    -0.029333541481912244,
    0.01571069230104327,
    -0.15002164477702323,
    0.019682271829390127,
    0.08056965796981161,
    -0.008556452451125993,
    -0.019045388478172748,
    -0.06802642249609225,
    -0.20935238528162853,
    -0.11639669939745165,
    0.09280786900026282,
    -0.04509557427897888,
    0.09745491103080553,
    0.029014092743844776,
    -0.13521810435192305
  ],
  "sigma": [
    0.01,
    0.01,
    0.010607699626436833,
    0.01,
    0.01173664764928443,
    0.014539363928435921,
    0.01,
    0.01218803526424299,
    0.01,
    0.01,
    0.01,
    0.01,
    0.01,
    0.013070865444310333,
    0.01,
    0.01,
    0.013909481211699262,
    0.01,
    0.019346688794799352,
    0.01,
    0.01,
    0.01,
    0.01,
    0.010777228255652714,
    0.013348618832965689,
    0.010346854903151391,
    0.01,
    0.012035810045872132,
    0.01,
    0.01,
    0.01,
    0.01,
    0.01,
    0.01,
    0.01,
    0.01,
    0.01,
    0.016212001131970338,
    0.01,
    0.012637327414712986,
    0.020197379054724737,
    0.01,
    0.01,
    0.01,
    0.01,
    0.01,
    0.01,
    0.01
  ],
  "bestReward": 140.79937842679928,
  "bestWeights": [
    -0.025970829510711745,
    0.1353364879177555,
    -0.02024115417735959,
    0.001322390366203189,
    0.023116511837061433,
    -0.004289119753306373,
    0.006349370353942174,
    0.05356177153375543,
    -0.0887228080923089,
    0.030092835411792425,
    0.010402685104718848,
    0.09855937954696069,
    0.012299457794927478,
    0.01786811797490879,
    0.1804312347395863,
    -0.0730700568462084,
    0.027118010002387487,
    0.07202799030842114,
    -0.0008210991410262936,
    -0.025175707680494486,
    0.05120179992816306,
    -0.046912411716047465,
    -0.04070566590979535,
    0.009696338484908841,
    0.019652832062267048,
    -0.10293621352483479,
    -0.10901238289239937,
    -0.040322539061964174,
    -0.014206177196621456,
    -0.04039589228267189,
    -0.05435636087430713,
    -0.01843312244151679,
    0.11771931310935306,
    -0.05014606247813511,
    0.08352016167196537,
    -0.1073239057840569,
    -0.055941355455042835,
    0.15091318874878207,
    0.0068111523515769455,
    -0.02034933023806499,
    -0.012712880307025623,
    -0.17932771986254364,
    -0.012758942878535968,
    0.14442408247686098,
    -0.030853740295249774,
    0.0698546170482117,
    0.10103492475695694,
    -0.12241863384293016
  ],
  "history": [
    {
      "generation": 0,
      "bestReward": -58.80166666666591,
      "meanReward": -222.59260866708865,
      "eliteMeanReward": -73.27390523464942
    },
    {
      "generation": 1,
      "bestReward": 32.53166666666916,
      "meanReward": -206.02395144150623,
      "eliteMeanReward": -34.347092693566346
    },
    {
      "generation": 2,
      "bestReward": -23.10166666666593,
      "meanReward": -359.58944729475945,
      "eliteMeanReward": -54.699229442368186
    },
    {
      "generation": 3,
      "bestReward": 40.686797325708994,
      "meanReward": -130.4297415709762,
      "eliteMeanReward": -31.018762202375502
    },
    {
      "generation": 4,
      "bestReward": 37.62311892429636,
      "meanReward": -227.8678298177111,
      "eliteMeanReward": -53.84261264875524
    },
    {
      "generation": 5,
      "bestReward": 140.79937842679928,
      "meanReward": -79.073787650935,
      "eliteMeanReward": 32.9340688142634
    },
    {
      "generation": 6,
      "bestReward": 37.13166666666787,
      "meanReward": -95.57131159522619,
      "eliteMeanReward": -12.12985887094166
    },
    {
      "generation": 7,
      "bestReward": -76.3460647550779,
      "meanReward": -96.43722049981311,
      "eliteMeanReward": -77.17113914653385
    },
    {
      "generation": 8,
      "bestReward": 39.91906189004568,
      "meanReward": -63.48160175234629,
      "eliteMeanReward": 4.33800892757935
    },
    {
      "generation": 9,
      "bestReward": 34.93945511634997,
      "meanReward": -71.4569332078534,
      "eliteMeanReward": -39.97787081368418
    },
    {
      "generation": 10,
      "bestReward": 45.3196361204496,
      "meanReward": -69.07251383285065,
      "eliteMeanReward": -23.315384905377563
    },
    {
      "generation": 11,
      "bestReward": 34.19043515033118,
      "meanReward": -72.21168509165815,
      "eliteMeanReward": -11.313003584636629
    },
    {
      "generation": 12,
      "bestReward": 38.85345919344597,
      "meanReward": -68.2292730081841,
      "eliteMeanReward": 5.292532926501553
    },
    {
      "generation": 13,
      "bestReward": 16.452149730986747,
      "meanReward": -92.05952853311301,
      "eliteMeanReward": -30.41493769753968
    },
    {
      "generation": 14,
      "bestReward": 37.965470490707,
      "meanReward": -97.9282664663385,
      "eliteMeanReward": -26.205124133990296
    },
    {
      "generation": 15,
      "bestReward": 109.4277297954027,
      "meanReward": -73.68837735431528,
      "eliteMeanReward": 48.379661753746205
    },
    {
      "generation": 16,
      "bestReward": 37.07900451837842,
      "meanReward": -70.20715703550034,
      "eliteMeanReward": -0.38740776639040464
    },
    {
      "generation": 17,
      "bestReward": 24.431666666668384,
      "meanReward": -96.79732347216739,
      "eliteMeanReward": -37.534746000802194
    },
    {
      "generation": 18,
      "bestReward": 53.093273792085114,
      "meanReward": -91.90948806990555,
      "eliteMeanReward": -47.070759226576754
    },
    {
      "generation": 19,
      "bestReward": 35.94076930738074,
      "meanReward": -122.17935168265512,
      "eliteMeanReward": -24.224018537419838
    }
  ]
}