{
  "generation": 30,
  "mu": [
    0.11821339997600173,
    -0.01715900296248215,
    0.06238451694543773,
    -0.04758923300469869,
    0.07393112670061298,
    -0.16285667451011046,
    0.2365506436785644,
    0.08776652696637652,
    -0.01965255119262681,
    0.14956633104736577,
    0.03603053587797332,
    -0.06625936742591353,
    0.03515741578443482,
    -0.13690294449038473,
    0.10010465453391126,
    -0.06162067551005483,
    0.00964852014483661,
    0.09199299777130789,
    0.05409260819561482,
    0.02950234642753911,
    -0.17133900579175868,
    0.0027177020742267196,
    -0.07041901740550013,
    -0.002332655305384965,
    -0.14255768006727307,
    0.10953273559408068,
    -0.10356848699563308,
    0.023849818490081748,
    0.06363933729232428,
    -0.06513033257180399,
    -0.0026595498483080312,
    -0.03727550701336622,
    -0.2356751065440823,
    0.07060882506558755,
    0.03909917010741023,
    -0.16374078683062415,
    0.08742468862099577,
    -0.20263331669430568,
    0.1511250504564082,
    0.19240188476801895,
    0.10532782515205392,
    -0.046732787600248085,
    0.11854110401406197,
    0.0348522940909239,
    -0.22165168173696714,
    0.03261695875112344,
    0.026220854131367755,
    -0.018971971371613428
  ],
  "sigma": [
    0.01,
    0.01,
    0.01,
    0.01,
    0.01,
    0.01,
    0.012153003433461958,
    0.020668642452029113,
    0.010171615050121022,
    0.01,
    0.01,
    0.01832341427616692,
    0.01,
    0.01308821502649026,
    0.010560486327394217,
    0.01,
    0.012540077259278111,
    0.01,
    0.01,
    0.017660691109717668,
    0.010774959775669894,
    0.01,
    0.01,
    0.019035472035459945,
    0.011701779049621046,
    0.01,
    0.015424423168302587,
    0.010987885726783777,
    0.01,
    0.01,
    0.019502683259611547,
    0.01,
    0.01,
    0.01852253662972096,
    0.010554539346600191,
    0.01,
    0.014464953395671346,
    0.01698444878147434,
    0.01,
    0.01,
    0.010932669776807777,
    0.01,
    0.01,
    0.01,
    0.01,
    0.01,
    0.01,
    0.01
  ],
  "bestReward": 305.81709816583987,
  "bestWeights": [
    0.1218897729290056,
    -0.011175842366506449,
    0.05764486884435908,
    -0.06581146915909103,
    0.08195159268518701,
    -0.1703687591641693,
    0.25990705264723574,
    0.09475225443938239,
    -0.03811553942552784,
    0.1536136418688786,
    0.03437620634685121,
    -0.07847582134053364,
    0.03263311784250562,
    -0.12469898653541249,
    0.09472612618861537,
    -0.06499394895782254,
    0.021626421458802662,
    0.09737364341205869,
    0.055217417115189474,
    0.030078561985181138,
    -0.17229025202309536,
    0.0004610138481542427,
    -0.07032950511629603,
    -0.02445313114091035,
    -0.13149509456803063,
    0.1003156114218933,
    -0.09944813413372443,
    0.04309231889080617,
    0.060949898963045424,
    -0.0810609863850782,
    -0.008358051614217855,
    -0.029281240813795944,
    -0.21776524020888544,
    0.08235895331307135,
    0.05249821798917484,
    -0.17316480828786074,
    0.09596854243065367,
    -0.20520964976706535,
    0.16252424460248963,
    0.18761891243984555,
    0.11287310387097764,
    -0.04078289901039705,
    0.11044588830209594,
    0.03182051295319939,
    -0.22744565616238255,
    0.03738184351535818,
    0.024064729550325493,
    -0.0152364018251815
  ],
  "history": [
    {
      "generation": 0,
      "bestReward": 121.62287013333969,
      "meanReward": -183.19153647670706,
      "eliteMeanReward": 20.610573913162103
    },
    {
      "generation": 1,
      "bestReward": 161.39852721433215,
      "meanReward": -162.8293275327334,
      "eliteMeanReward": 52.16177696620618
    },
    {
      "generation": 2,
      "bestReward": 162.07724568159009,
      "meanReward": -234.93100843714893,
      "eliteMeanReward": 67.71935950109827
    },
    {
      "generation": 3,
      "bestReward": 149.5600000000205,
      "meanReward": -3.5931114689108314,
      "eliteMeanReward": 97.78291916162564
    },
    {
      "generation": 4,
      "bestReward": 79.76470321946991,
      "meanReward": -18.813559621415823,
      "eliteMeanReward": 69.16759575185958
    },
    {
      "generation": 5,
      "bestReward": 156.96000000002263,
      "meanReward": -25.643628723093553,
      "eliteMeanReward": 106.51286084858073
    },
    {
      "generation": 6,
      "bestReward": 92.63516481909909,
      "meanReward": -12.953350562423307,
      "eliteMeanReward": 52.61421471557662
    },
    {
      "generation": 7,
      "bestReward": 228.05666666669046,
      "meanReward": 22.510770929622645,
      "eliteMeanReward": 143.21063016160517
    },
    {
      "generation": 8,
      "bestReward": 237.8233333333579,
      "meanReward": -84.78973519661395,
      "eliteMeanReward": 96.19714068374779
    },
    {
      "generation": 9,
      "bestReward": 240.319301003645,
      "meanReward": 7.825220595150509,
      "eliteMeanReward": 112.10246740169612
    },
    {
      "generation": 10,
      "bestReward": 153.5940620178807,
      "meanReward": -11.929284666499683,
      "eliteMeanReward": 51.39295994976867
    },
    {
      "generation": 11,
      "bestReward": 154.56000000001777,
      "meanReward": -87.93631686343079,
      "eliteMeanReward": 33.08881253199429
    },
    {
      "generation": 12,
      "bestReward": 159.08182633028107,
      "meanReward": -11.010233786761724,
      "eliteMeanReward": 79.7265169889692
    },
    {
      "generation": 13,
      "bestReward": 91.78605795832947,
      "meanReward": -33.514241799674345,
      "eliteMeanReward": 75.89797990037891
    },
    {
      "generation": 14,
      "bestReward": 156.1600000000225,
      "meanReward": 6.397144532405218,
      "eliteMeanReward": 94.23666601669527
    },
    {
      "generation": 15,
      "bestReward": 169.32666666668266,
      "meanReward": -70.39603932967869,
      "eliteMeanReward": 97.18530210937615
    },
    {
      "generation": 16,
      "bestReward": 83.16333333335244,
      "meanReward": -18.603270159229545,
      "eliteMeanReward": 19.69450550814374
    },
    {
      "generation": 17,
      "bestReward": -21.073971411636137,
      "meanReward": -27.994840535272523,
      "eliteMeanReward": -23.40403501653792
    },
    {
      "generation": 18,
      "bestReward": 85.7236055904537,
      "meanReward": 0.25724199461294645,
      "eliteMeanReward": 81.81156646539038
    },
    {
      "generation": 19,
      "bestReward": 85.03875671462148,
      "meanReward": -35.4232071439719,
      "eliteMeanReward": 80.0984165021623
    },
    {
      "generation": 20,
      "bestReward": 248.71368570128874,
      "meanReward": -41.597400639875296,
      "eliteMeanReward": 30.97007936854855
    },
    {
      "generation": 21,
      "bestReward": -16.102338134315893,
      "meanReward": -105.3177761402068,
      "eliteMeanReward": -17.988285405590254
    },
    {
      "generation": 22,
      "bestReward": 89.15077443003426,
      "meanReward": -66.56431149006526,
      "eliteMeanReward": 84.0607906974142
    },
    {
      "generation": 23,
      "bestReward": 122.22929706284211,
      "meanReward": 15.323144925100522,
      "eliteMeanReward": 89.37868603539484
    },
    {
      "generation": 24,
      "bestReward": 165.815917579892,
      "meanReward": 27.217447067189994,
      "eliteMeanReward": 112.34517543984995
    },
    {
      "generation": 25,
      "bestReward": 237.66026868408724,
      "meanReward": 3.063468796318267,
      "eliteMeanReward": 109.87115182262419
    },
    {
      "generation": 26,
      "bestReward": 161.1445940769031,
      "meanReward": 19.806557906382388,
      "eliteMeanReward": 113.48827912655788
    },
    {
      "generation": 27,
      "bestReward": 134.96000000002005,
      "meanReward": -38.20521793716814,
      "eliteMeanReward": 97.23516925039277
    },
    {
      "generation": 28,
      "bestReward": 104.76000000002169,
      "meanReward": -7.461153971801034,