{
  "generation": 10,
  "mu": [
    0.13695506850277023,
    0.03547218958474898,
    0.09835463877778386,
    -0.055042032620913575,
    0.056185683404448475,
    -0.071633466218606,
    0.18782305557322837,
    0.06282018478953319,
    -0.00037601325119259387,
    0.10879325109998632,
    -0.007452730635725932,
    -0.07081814701524537,
    0.012546100429431151,
    -0.16410266792329203,
    0.11286236029034599,
    -0.06336544595717683,
    -0.018756718595162737,
    0.11656159880337999,
    0.03089209945754571,
    0.019446200781383628,
    -0.14923238624457175,
    -0.03018543814578397,
    -0.07037247845355296,
    -0.003408406478803376,
    -0.1646892944650597,
    0.11939378858259275,
    -0.07520970181010439,
    0.03495422932719824,
    0.04721187974682269,
    -0.10458972413580685,
    -0.08910966677467727,
    -0.02003295941322291,
    -0.21861430718808691,
    0.07515832332478149,
    0.015676189662795027,
    -0.14974979266861382,
    0.08075604110372904,
    -0.18401316129618037,
    0.12122806560167812,
    0.13382547062042877,
    0.12262848208804786,
    -0.04116429145077236,
    0.10220675942647825,
    -0.003474678952476456,
    -0.2120117206255036,
    0.03798700642380961,
    0.010397187001629456,
    -0.029663543369154742
  ],
  "sigma": [
    0.050989719551099176,
    0.01797480878607333,
    0.01620772719429723,
    0.013108773020153269,
    0.01,
    0.032524580715848156,
    0.01,
    0.014588288885052278,
    0.011116160948950356,
    0.01,
    0.01,
    0.01,
    0.013656105994461296,
    0.010943829072710933,
    0.01,
    0.014771795547039149,
    0.027125028540739934,
    0.01,
    0.01,
    0.01,
    0.012210284932297326,
    0.01,
    0.014416334972099617,
    0.01,
    0.025247733923105514,
    0.039739278460258654,
    0.01,
    0.01,
    0.01,
    0.031080593749282605,
    0.05988967281110439,
    0.01,
    0.013036374581719794,
    0.01,
    0.013652053622210291,
    0.021516976623600904,
    0.044545343669103225,
    0.014481444166664083,
    0.023858525712884077,
    0.058787023581403704,
    0.01703727667272434,
    0.01101541662157809,
    0.016183352240260518,
    0.016873305858001897,
    0.038759725465006487,
    0.018110484300486968,
    0.01879064484938133,
    0.012697556466698089
  ],
  "bestReward": 240.319301003645,
  "bestWeights": [
    0.18597476351150796,
    0.029411329525837818,
    0.12698130853543774,
    -0.06130934643554155,
    0.05190625763354413,
    -0.07029771748127074,
    0.1938989181863347,
    0.05679756102292739,
    0.006105266317855661,
    0.0986520502157441,
    -0.010021148274459475,
    -0.06521002843413438,
    0.015958742654395883,
    -0.17387160155436565,
    0.10346640598862893,
    -0.08467919872700341,
    0.023125414605944812,
    0.11243824350373752,
    0.029896362633085642,
    0.029427008664261435,
    -0.1672612004302229,
    -0.040080433300653716,
    -0.08322780284546441,
    0.012440792272620602,
    -0.1312406754529773,
    0.17682663364191642,
    -0.08560604526214394,
    0.021492237459446867,
    0.04765158484661377,
    -0.07822556275266504,
    -0.13003652229175292,
    -0.03711339521388243,
    -0.2041263246596569,
    0.0713879775356351,
    0.013158921448052929,
    -0.13149469327789062,
    0.11239444786296154,
    -0.17152908412828052,
    0.09599393233087493,
    0.1708840132631489,
    0.12784581180325924,
    -0.024227192819976817,
    0.10539174236236554,
    0.019350273356829956,
    -0.19792588057360957,
    0.02082654979817548,
    -0.00101871670128692,
    -0.03258218900131629
  ],
  "history": [
    {
      "generation": 0,
      "bestReward": 121.62287013333969,
      "meanReward": -183.19153647670706,
      "eliteMeanReward": 20.610573913162103
    },
    {
      "generation": 1,
      "bestReward": 161.39852721433215,
      "meanReward": -162.8293275327334,
      "eliteMeanReward": 52.16177696620618
    },
    {
      "generation": 2,
      "bestReward": 162.07724568159009,
      "meanReward": -234.93100843714893,
      "eliteMeanReward": 67.71935950109827
    },
    {
      "generation": 3,
      "bestReward": 149.5600000000205,
      "meanReward": -3.5931114689108314,
      "eliteMeanReward": 97.78291916162564
    },
    {
      "generation": 4,
      "bestReward": 79.76470321946991,
      "meanReward": -18.813559621415823,
      "eliteMeanReward": 69.16759575185958
    },
    {
      "generation": 5,
      "bestReward": 156.96000000002263,
      "meanReward": -25.643628723093553,
      "eliteMeanReward": 106.51286084858073
    },
    {
      "generation": 6,
      "bestReward": 92.63516481909909,
      "meanReward": -12.953350562423307,
      "eliteMeanReward": 52.61421471557662
    },
    {
      "generation": 7,
      "bestReward": 228.05666666669046,
      "meanReward": 22.510770929622645,
      "eliteMeanReward": 143.21063016160517
    },
    {
      "generation": 8,
      "bestReward": 237.8233333333579,
      "meanReward": -84.78973519661395,
      "eliteMeanReward": 96.19714068374779
    },
    {
      "generation": 9,
      "bestReward": 240.319301003645,
      "meanReward": 7.825220595150509,
      "eliteMeanReward": 112.10246740169612
    }
  ]
}