{
  "generation": 20,
  "mu": [
    0.11399656896468824,
    0.011888363601461732,
    0.08503477585507815,
    -0.038802374117575075,
    0.05547498201605332,
    -0.14519273821121823,
    0.21153690999688285,
    0.08427979279714189,
    -0.004714741895058066,
    0.12460816632308727,
    0.00013686558516638574,
    -0.07526486557804565,
    0.04434223146566507,
    -0.147396974291625,
    0.11333248305321741,
    -0.037667413442674484,
    -0.01884347216693672,
    0.10999642490172223,
    0.05032768131381569,
    -0.004179968316207214,
    -0.17020791722598966,
    -0.01340265560536653,
    -0.06860070437616793,
    -0.009071572390536686,
    -0.13097127889522295,
    0.11729842329744027,
    -0.08235818761722007,
    0.03783957858821006,
    0.07161131474365601,
    -0.08662837760923117,
    -0.02256667238750146,
    -0.012980170175662664,
    -0.22287188352461967,
    0.08149380817291305,
    0.019864590037971693,
    -0.15823155317530108,
    0.08007005333967553,
    -0.19344068028492287,
    0.15360072769027258,
    0.19910525676333374,
    0.09577530286040487,
    -0.0560441543518604,
    0.11270210665863975,
    0.031375327037793534,
    -0.22245098783267064,
    0.045293891635090414,
    0.019105408810573276,
    -0.03293297252291726
  ],
  "sigma": [
    0.014275407939682556,
    0.01,
    0.01,
    0.017195926171626706,
    0.01,
    0.027349354904299395,
    0.01,
    0.01687405283087096,
    0.01,
    0.01,
    0.010710453096024263,
    0.01,
    0.01,
    0.01,
    0.013135475814336448,
    0.01473630740334366,
    0.01,
    0.01,
    0.01,
    0.04181277467460251,
    0.01,
    0.01,
    0.012762336458218544,
    0.01,
    0.01,
    0.01,
    0.01,
    0.01,
    0.010979282851210375,
    0.019429777369139725,
    0.01,
    0.01,
    0.01,
    0.01,
    0.01,
    0.01,
    0.01,
    0.01,
    0.01,
    0.021879733230875754,
    0.010481373811856529,
    0.01,
    0.01,
    0.010573049661606451,
    0.01,
    0.01,
    0.012853332993666174,
    0.01
  ],
  "bestReward": 240.319301003645,
  "bestWeights": [
    0.18597476351150796,
    0.029411329525837818,
    0.12698130853543774,
    -0.06130934643554155,
    0.05190625763354413,
    -0.07029771748127074,
    0.1938989181863347,
    0.05679756102292739,
    0.006105266317855661,
    0.0986520502157441,
    -0.010021148274459475,
    -0.06521002843413438,
    0.015958742654395883,
    -0.17387160155436565,
    0.10346640598862893,
    -0.08467919872700341,
    0.023125414605944812,
    0.11243824350373752,
    0.029896362633085642,
    0.029427008664261435,
    -0.1672612004302229,
    -0.040080433300653716,
    -0.08322780284546441,
    0.012440792272620602,
    -0.1312406754529773,
    0.17682663364191642,
    -0.08560604526214394,
    0.021492237459446867,
    0.04765158484661377,
    -0.07822556275266504,
    -0.13003652229175292,
    -0.03711339521388243,
    -0.2041263246596569,
    0.0713879775356351,
    0.013158921448052929,
    -0.13149469327789062,
    0.11239444786296154,
    -0.17152908412828052,
    0.09599393233087493,
    0.1708840132631489,
    0.12784581180325924,
    -0.024227192819976817,
    0.10539174236236554,
    0.019350273356829956,
    -0.19792588057360957,
    0.02082654979817548,
    -0.00101871670128692,
    -0.03258218900131629
  ],
  "history": [
    {
      "generation": 0,
      "bestReward": 121.62287013333969,
      "meanReward": -183.19153647670706,
      "eliteMeanReward": 20.610573913162103
    },
    {
      "generation": 1,
      "bestReward": 161.39852721433215,
      "meanReward": -162.8293275327334,
      "eliteMeanReward": 52.16177696620618
    },
    {
      "generation": 2,
      "bestReward": 162.07724568159009,
      "meanReward": -234.93100843714893,
      "eliteMeanReward": 67.71935950109827
    },
    {
      "generation": 3,
      "bestReward": 149.5600000000205,
      "meanReward": -3.5931114689108314,
      "eliteMeanReward": 97.78291916162564
    },
    {
      "generation": 4,
      "bestReward": 79.76470321946991,
      "meanReward": -18.813559621415823,
      "eliteMeanReward": 69.16759575185958
    },
    {
      "generation": 5,
      "bestReward": 156.96000000002263,
      "meanReward": -25.643628723093553,
      "eliteMeanReward": 106.51286084858073
    },
    {
      "generation": 6,
      "bestReward": 92.63516481909909,
      "meanReward": -12.953350562423307,
      "eliteMeanReward": 52.61421471557662
    },
    {
      "generation": 7,
      "bestReward": 228.05666666669046,
      "meanReward": 22.510770929622645,
      "eliteMeanReward": 143.21063016160517
    },
    {
      "generation": 8,
      "bestReward": 237.8233333333579,
      "meanReward": -84.78973519661395,
      "eliteMeanReward": 96.19714068374779
    },
    {
      "generation": 9,
      "bestReward": 240.319301003645,
      "meanReward": 7.825220595150509,
      "eliteMeanReward": 112.10246740169612
    },
    {
      "generation": 10,
      "bestReward": 153.5940620178807,
      "meanReward": -11.929284666499683,
      "eliteMeanReward": 51.39295994976867
    },
    {
      "generation": 11,
      "bestReward": 154.56000000001777,
      "meanReward": -87.93631686343079,
      "eliteMeanReward": 33.08881253199429
    },
    {
      "generation": 12,
      "bestReward": 159.08182633028107,
      "meanReward": -11.010233786761724,
      "eliteMeanReward": 79.7265169889692
    },
    {
      "generation": 13,
      "bestReward": 91.78605795832947,
      "meanReward": -33.514241799674345,
      "eliteMeanReward": 75.89797990037891
    },
    {
      "generation": 14,
      "bestReward": 156.1600000000225,
      "meanReward": 6.397144532405218,
      "eliteMeanReward": 94.23666601669527
    },
    {
      "generation": 15,
      "bestReward": 169.32666666668266,
      "meanReward": -70.39603932967869,
      "eliteMeanReward": 97.18530210937615
    },
    {
      "generation": 16,
      "bestReward": 83.16333333335244,
      "meanReward": -18.603270159229545,
      "eliteMeanReward": 19.69450550814374
    },
    {
      "generation": 17,
      "bestReward": -21.073971411636137,
      "meanReward": -27.994840535272523,
      "eliteMeanReward": -23.40403501653792
    },
    {
      "generation": 18,
      "bestReward": 85.7236055904537,
      "meanReward": 0.25724199461294645,
      "eliteMeanReward": 81.81156646539038
    },
    {
      "generation": 19,
      "bestReward": 85.03875671462148,
      "meanReward": -35.4232071439719,
      "eliteMeanReward": 80.0984165021623
    }
  ]
}