{
  "generation": 40,
  "mu": [
    -0.026046024883671914,
    0.01879916770206349,
    -0.1526855950138299,
    -0.07232667931012955,
    0.05093332898893406,
    -0.11133929054947127,
    -0.14572478889914814,
    0.08181396450079162,
    -0.05913271852384692,
    0.056739362731719464,
    -0.059895603028875186,
    -0.02250555205583483,
    0.1559777522566822,
    0.04570378285431879,
    -0.03184551728073459,
    0.006664941884632304,
    0.010967650995980656,
    -0.0140965173824797,
    0.18862815563362495,
    0.2089797434186592,
    0.06535585301298381,
    -0.08642892150749845,
    0.061077533664230285,
    -0.12614917127127753,
    0.04931479496185444,
    0.06456451631912877,
    -0.07785632239230844,
    0.03436614910146956,
    0.08441579491055308,
    -0.04307688811068612,
    0.09618810746320225,
    -0.09189001239941345,
    0.07985444297860556,
    -0.030674483404747526,
    -0.009152993764908973,
    0.10433702887702054,
    0.17072655454946548,
    0.003497391287185449,
    -0.13212877041852283,
    0.07911943253488535,
    -0.16384838004698765,
    -0.07267380994777668,
    0.11052454075433575,
    0.027713556367375013,
    0.025122124236616757,
    0.03832228824006105,
    -0.10521886526396766,
    0.08796540888350966
  ],
  "sigma": [
    0.01,
    0.01,
    0.011012892853981543,
    0.010455602733934385,
    0.01080289969893101,
    0.01,
    0.01,
    0.01,
    0.01,
    0.011792852510246239,
    0.013951232828707784,
    0.014522915408221896,
    0.01,
    0.01,
    0.01382141827629284,
    0.012084280026009099,
    0.01,
    0.01,
    0.023543681651886698,
    0.01,
    0.01,
    0.010292171784640074,
    0.01,
    0.01,
    0.012725664714392322,
    0.01,
    0.018161254561596767,
    0.01,
    0.015650558535624064,
    0.012953431665571885,
    0.011652350010762291,
    0.01,
    0.01,
    0.01,
    0.01,
    0.013468731855339956,
    0.01,
    0.013399516997944576,
    0.016022207456576613,
    0.01,
    0.01,
    0.01,
    0.01,
    0.01,
    0.01,
    0.011637112826402476,
    0.01,
    0.0173444506723904
  ],
  "bestReward": 374.03900983460244,
  "bestWeights": [
    -0.061661323477168385,
    -0.015741989645589597,
    -0.12567733980288445,
    -0.0646652070742607,
    0.07885891800572632,
    -0.11761695291063962,
    -0.11510118441550904,
    0.11088144299224825,
    -0.03145620135078542,
    0.013885813737244637,
    -0.05702194948049629,
    0.017371709788969084,
    0.13948039679496008,
    0.049948211832712974,
    -0.0008432574012252607,
    0.02622348540769432,
    0.004029980018098821,
    -0.07135886465611743,
    0.1810648466299698,
    0.226704654871649,
    0.016323424591299665,
    -0.05232222341072257,
    0.009433658010751864,
    -0.13224539844795158,
    0.06584254186031666,
    0.09661821969184262,
    -0.028558182771783465,
    -0.003218191631294982,
    0.09757349671717992,
    -0.04512943682840387,
    0.09067931408452733,
    -0.09082778143330154,
    0.08102497287466512,
    -0.037354611378928496,
    -0.012445210615113547,
    0.10999141075589902,
    0.18277088963597246,
    0.025076652784781613,
    -0.09695858638386967,
    0.07477176232918845,
    -0.1565064891114874,
    -0.011498104029024082,
    0.12686856049894446,
    -0.053939580023158275,
    -0.013217925265451583,
    0.05207197582049778,
    -0.11048516802500376,
    0.08156865017538298
  ],
  "history": [
    {
      "generation": 0,
      "bestReward": 125.9138013738509,
      "meanReward": -208.10440223037114,
      "eliteMeanReward": 44.117162993649
    },
    {
      "generation": 1,
      "bestReward": 118.14492778163188,
      "meanReward": -73.21434500982507,
      "eliteMeanReward": 63.56696635270159
    },
    {
      "generation": 2,
      "bestReward": 131.78685276996111,
      "meanReward": -3.5881492695645663,
      "eliteMeanReward": 107.28668739928507
    },
    {
      "generation": 3,
      "bestReward": 331.1332903592707,
      "meanReward": 63.14094823648001,
      "eliteMeanReward": 198.48109922032967
    },
    {
      "generation": 4,
      "bestReward": 212.79333333333486,
      "meanReward": -15.745422143302267,
      "eliteMeanReward": 150.0407132022862
    },
    {
      "generation": 5,
      "bestReward": 228.32693925200286,
      "meanReward": 27.131920102121153,
      "eliteMeanReward": 142.59451252349493
    },
    {
      "generation": 6,
      "bestReward": 359.0498148220919,
      "meanReward": 65.51770012546427,
      "eliteMeanReward": 243.89311526969246
    },
    {
      "generation": 7,
      "bestReward": 208.79333333333793,
      "meanReward": 38.20416752117842,
      "eliteMeanReward": 133.00637070922505
    },
    {
      "generation": 8,
      "bestReward": 221.41381142661027,
      "meanReward": 65.45326354014989,
      "eliteMeanReward": 154.43901119101366
    },
    {
      "generation": 9,
      "bestReward": 238.8114934813894,
      "meanReward": 32.45834192389749,
      "eliteMeanReward": 151.77757683449164
    },
    {
      "generation": 10,
      "bestReward": 257.4698137467401,
      "meanReward": 56.322707462245674,
      "eliteMeanReward": 179.20472661513728
    },
    {
      "generation": 11,
      "bestReward": 122.69353870382557,
      "meanReward": 32.83922322177982,
      "eliteMeanReward": 109.43428006641929
    },
    {
      "generation": 12,
      "bestReward": 224.84076479145287,
      "meanReward": 32.37586718804001,
      "eliteMeanReward": 153.88516914015491
    },
    {
      "generation": 13,
      "bestReward": 232.45672775263736,
      "meanReward": 69.32545951222019,
      "eliteMeanReward": 141.7548079897691
    },
    {
      "generation": 14,
      "bestReward": 221.79875003608788,
      "meanReward": 21.23321677500278,
      "eliteMeanReward": 92.40325609659997
    },
    {
      "generation": 15,
      "bestReward": 374.03900983460244,
      "meanReward": 49.334692014904796,
      "eliteMeanReward": 163.91083034169878
    },
    {
      "generation": 16,
      "bestReward": 119.96401461112617,
      "meanReward": 34.302507428783336,
      "eliteMeanReward": 112.89580818695435
    },
    {
      "generation": 17,
      "bestReward": 223.818665540617,
      "meanReward": 27.115483767886854,
      "eliteMeanReward": 113.00173310812347
    },
    {
      "generation": 18,
      "bestReward": 220.7933333333388,
      "meanReward": 56.37379175896333,
      "eliteMeanReward": 179.66953854577955
    },
    {
      "generation": 19,
      "bestReward": 223.79333333333747,
      "meanReward": 46.562106519077794,
      "eliteMeanReward": 153.94534618583646
    },
    {
      "generation": 20,
      "bestReward": 338.9899999999951,
      "meanReward": 35.66568903339151,
      "eliteMeanReward": 159.41708522063672
    },
    {
      "generation": 21,
      "bestReward": 113.31536228235728,
      "meanReward": 18.003996492444355,
      "eliteMeanReward": 88.93754068489511
    },
    {
      "generation": 22,
      "bestReward": 128.96019054347065,
      "meanReward": 14.602339461241346,
      "eliteMeanReward": 73.79558999895409
    },
    {
      "generation": 23,
      "bestReward": 109.59666666666723,
      "meanReward": 12.346172513424255,
      "eliteMeanReward": 63.971916374680994
    },
    {
      "generation": 24,
      "bestReward": 319.98999999997307,
      "meanReward": 28.293739587685053,
      "eliteMeanReward": 135.30639581645872
    },
    {
      "generation": 25,
      "bestReward": 225.7933333333378,
      "meanReward": 33.755288260901004,
      "eliteMeanReward": 154.1466243166439
    },
    {
      "generation": 26,
      "bestReward": 358.2009240673864,
      "meanReward": 66.05766209519881,
      "eliteMeanReward": 204.64540480840827
    },
    {
      "generation": 27,
      "bestReward": 239.6955308738588,
      "meanReward": 64.43516857848364,
      "eliteMeanReward": 220.2297526164703
    },
    {
      "generation": 28,
      "bestReward": 125.18556546631723,
      "meanReward": 19.972552999403767,