{
  "generation": 10,
  "mu": [
    -0.02831731076248454,
    -0.03831752128301534,
    -0.12251983586079422,
    -0.0851365623174119,
    0.07921680292072256,
    -0.11623320580550475,
    -0.09275372578679811,
    0.08892460174586596,
    -0.03363027121628491,
    -0.13613646793306283,
    -0.05798221005083974,
    0.03678834599275778,
    0.1299893793036897,
    0.036300446503099076,
    -0.013344107551167324,
    0.03216200984885597,
    -0.016111901261488974,
    -0.08506008026021565,
    0.1950799921338604,
    0.21866812190369625,
    0.038816881406106576,
    -0.056807161950351306,
    -0.04318701164821452,
    -0.1749783730242484,
    0.05256498825855116,
    0.06133979692939555,
    -0.04651918513291957,
    0.008244668042573119,
    0.09621876920750447,
    -0.05966349867063542,
    0.08447234594404175,
    -0.11235824622350554,
    0.0709408250879511,
    -0.03109266029251475,
    0.0035140446270580396,
    0.09173919784081863,
    0.17019865549905158,
    0.0064496232192126106,
    -0.11441220300417536,
    0.07828919526293825,
    -0.1560422597746279,
    -0.013901897082800435,
    0.11939211968180478,
    -0.006193245261444138,
    0.0309440799133233,
    0.028634729270929922,
    -0.11594012937195183,
    0.06593971497544356
  ],
  "sigma": [
    0.01,
    0.01,
    0.01,
    0.01,
    0.01,
    0.012726391924994829,
    0.02084247428366023,
    0.012627551345710303,
    0.01716653629310857,
    0.06033036274035612,
    0.01,
    0.0113504345845201,
    0.01,
    0.01,
    0.013661822352192035,
    0.01,
    0.01,
    0.01,
    0.01734751822953943,
    0.01,
    0.01,
    0.02443674422531864,
    0.05523510549695015,
    0.10660730284766115,
    0.01,
    0.01,
    0.02006827163867574,
    0.013462619529419129,
    0.010112091173450936,
    0.01,
    0.017147505182055264,
    0.010790939435719973,
    0.01214870967585341,
    0.017118534344969003,
    0.01780679295658372,
    0.015971610625330344,
    0.015759331654450773,
    0.016724655643340077,
    0.010373099561664467,
    0.01,
    0.01,
    0.01,
    0.013408305741422806,
    0.012413716864479472,
    0.05887446072989822,
    0.01,
    0.01,
    0.01
  ],
  "bestReward": 359.0498148220919,
  "bestWeights": [
    -0.005831759176734647,
    -0.053705392346518444,
    -0.11975086671935038,
    -0.07997608043368795,
    0.06296760026851145,
    -0.11187089503542609,
    -0.04286637295494275,
    0.06836381201875016,
    -0.002573073119074899,
    -0.10342122641639023,
    -0.05576768791702772,
    0.05425404705081273,
    0.1178053351111638,
    0.03484246711453256,
    -0.011206655303315468,
    0.026194616910986117,
    -0.01180225263673914,
    -0.09031696989675575,
    0.17360936461276202,
    0.20175502904226142,
    0.03408848740535694,
    -0.08585282767924045,
    -0.015797897361152557,
    0.18018044132715233,
    0.04787278199231297,
    0.032524607343535544,
    -0.08458752939484179,
    -0.022682990110995588,
    0.08401200622982313,
    -0.04191810743795827,
    0.08700280356694706,
    -0.1065059650555196,
    0.11076177380769528,
    -0.031224910438598468,
    0.014166432279033088,
    0.026807493170793614,
    0.10913843349458388,
    -0.00891875309141191,
    -0.11577032308520996,
    0.09867553831396692,
    -0.1558708067692869,
    -0.006426953683995904,
    0.13588992402697958,
    -0.009731226755682196,
    0.08468284035238521,
    0.04174446848846601,
    -0.12237128941171786,
    0.05709077576283268
  ],
  "history": [
    {
      "generation": 0,
      "bestReward": 125.9138013738509,
      "meanReward": -208.10440223037114,
      "eliteMeanReward": 44.117162993649
    },
    {
      "generation": 1,
      "bestReward": 118.14492778163188,
      "meanReward": -73.21434500982507,
      "eliteMeanReward": 63.56696635270159
    },
    {
      "generation": 2,
      "bestReward": 131.78685276996111,
      "meanReward": -3.5881492695645663,
      "eliteMeanReward": 107.28668739928507
    },
    {
      "generation": 3,
      "bestReward": 331.1332903592707,
      "meanReward": 63.14094823648001,
      "eliteMeanReward": 198.48109922032967
    },
    {
      "generation": 4,
      "bestReward": 212.79333333333486,
      "meanReward": -15.745422143302267,
      "eliteMeanReward": 150.0407132022862
    },
    {
      "generation": 5,
      "bestReward": 228.32693925200286,
      "meanReward": 27.131920102121153,
      "eliteMeanReward": 142.59451252349493
    },
    {
      "generation": 6,
      "bestReward": 359.0498148220919,
      "meanReward": 65.51770012546427,
      "eliteMeanReward": 243.89311526969246
    },
    {
      "generation": 7,
      "bestReward": 208.79333333333793,
      "meanReward": 38.20416752117842,
      "eliteMeanReward": 133.00637070922505
    },
    {
      "generation": 8,
      "bestReward": 221.41381142661027,
      "meanReward": 65.45326354014989,
      "eliteMeanReward": 154.43901119101366
    },
    {
      "generation": 9,
      "bestReward": 238.8114934813894,
      "meanReward": 32.45834192389749,
      "eliteMeanReward": 151.77757683449164
    }
  ]
}