{
  "generation": 30,
  "mu": [
    -0.049471874210439484,
    -0.016166393030841282,
    -0.1342773456094008,
    -0.0737798146276731,
    0.06237161395041977,
    -0.11352650894183473,
    -0.14639125392248828,
    0.08257290840554941,
    -0.04612421618727551,
    0.061745704694854665,
    -0.07088577351393599,
    0.010464934294489905,
    0.12932486591371659,
    0.051977062683103245,
    -0.005510434725927671,
    -0.006022644090244699,
    -0.001390817240916123,
    -0.015107570951609767,
    0.1928728406473284,
    0.2148638956354207,
    0.0770872959192954,
    -0.08031598847210891,
    0.03874076643097664,
    -0.12366168352552971,
    0.0526227833330976,
    0.07750690898985055,
    -0.06799814024082998,
    0.03426923734963898,
    0.08743849505913066,
    -0.033389926527302834,
    0.10919555026369436,
    -0.08737599730426734,
    0.09091142999820964,
    -0.03163499057345061,
    -0.023638074531306084,
    0.10898444634201207,
    0.15126150336884975,
    0.011164154721801442,
    -0.11057410954266653,
    0.0703814935720931,
    -0.15124915818604534,
    -0.03467761397213437,
    0.13131576848301196,
    0.02869190700652906,
    0.0051988099348522256,
    0.03886369046973795,
    -0.11733365655313474,
    0.09049983605225834
  ],
  "sigma": [
    0.01,
    0.01,
    0.011178758594274422,
    0.017282480838562077,
    0.012467601033737287,
    0.01,
    0.01,
    0.01,
    0.01,
    0.014796217890647468,
    0.01,
    0.01,
    0.014363342044162062,
    0.01,
    0.01752620268958984,
    0.01050972542427476,
    0.01,
    0.01,
    0.01,
    0.01,
    0.014395316150347497,
    0.01,
    0.012706896315403712,
    0.01,
    0.010844615225103191,
    0.011090207699282715,
    0.011554723445019847,
    0.01,
    0.013203614283397806,
    0.01,
    0.01,
    0.010092715152914242,
    0.01,
    0.012283119818959992,
    0.01,
    0.01,
    0.012492771466518728,
    0.01,
    0.017005794763390623,
    0.01,
    0.013980491093369673,
    0.010171891610130742,
    0.011750181336416496,
    0.01,
    0.01,
    0.01,
    0.014602533828587541,
    0.01
  ],
  "bestReward": 374.03900983460244,
  "bestWeights": [
    -0.061661323477168385,
    -0.015741989645589597,
    -0.12567733980288445,
    -0.0646652070742607,
    0.07885891800572632,
    -0.11761695291063962,
    -0.11510118441550904,
    0.11088144299224825,
    -0.03145620135078542,
    0.013885813737244637,
    -0.05702194948049629,
    0.017371709788969084,
    0.13948039679496008,
    0.049948211832712974,
    -0.0008432574012252607,
    0.02622348540769432,
    0.004029980018098821,
    -0.07135886465611743,
    0.1810648466299698,
    0.226704654871649,
    0.016323424591299665,
    -0.05232222341072257,
    0.009433658010751864,
    -0.13224539844795158,
    0.06584254186031666,
    0.09661821969184262,
    -0.028558182771783465,
    -0.003218191631294982,
    0.09757349671717992,
    -0.04512943682840387,
    0.09067931408452733,
    -0.09082778143330154,
    0.08102497287466512,
    -0.037354611378928496,
    -0.012445210615113547,
    0.10999141075589902,
    0.18277088963597246,
    0.025076652784781613,
    -0.09695858638386967,
    0.07477176232918845,
    -0.1565064891114874,
    -0.011498104029024082,
    0.12686856049894446,
    -0.053939580023158275,
    -0.013217925265451583,
    0.05207197582049778,
    -0.11048516802500376,
    0.08156865017538298
  ],
  "history": [
    {
      "generation": 0,
      "bestReward": 125.9138013738509,
      "meanReward": -208.10440223037114,
      "eliteMeanReward": 44.117162993649
    },
    {
      "generation": 1,
      "bestReward": 118.14492778163188,
      "meanReward": -73.21434500982507,
      "eliteMeanReward": 63.56696635270159
    },
    {
      "generation": 2,
      "bestReward": 131.78685276996111,
      "meanReward": -3.5881492695645663,
      "eliteMeanReward": 107.28668739928507
    },
    {
      "generation": 3,
      "bestReward": 331.1332903592707,
      "meanReward": 63.14094823648001,
      "eliteMeanReward": 198.48109922032967
    },
    {
      "generation": 4,
      "bestReward": 212.79333333333486,
      "meanReward": -15.745422143302267,
      "eliteMeanReward": 150.0407132022862
    },
    {
      "generation": 5,
      "bestReward": 228.32693925200286,
      "meanReward": 27.131920102121153,
      "eliteMeanReward": 142.59451252349493
    },
    {
      "generation": 6,
      "bestReward": 359.0498148220919,
      "meanReward": 65.51770012546427,
      "eliteMeanReward": 243.89311526969246
    },
    {
      "generation": 7,
      "bestReward": 208.79333333333793,
      "meanReward": 38.20416752117842,
      "eliteMeanReward": 133.00637070922505
    },
    {
      "generation": 8,
      "bestReward": 221.41381142661027,
      "meanReward": 65.45326354014989,
      "eliteMeanReward": 154.43901119101366
    },
    {
      "generation": 9,
      "bestReward": 238.8114934813894,
      "meanReward": 32.45834192389749,
      "eliteMeanReward": 151.77757683449164
    },
    {
      "generation": 10,
      "bestReward": 257.4698137467401,
      "meanReward": 56.322707462245674,
      "eliteMeanReward": 179.20472661513728
    },
    {
      "generation": 11,
      "bestReward": 122.69353870382557,
      "meanReward": 32.83922322177982,
      "eliteMeanReward": 109.43428006641929
    },
    {
      "generation": 12,
      "bestReward": 224.84076479145287,
      "meanReward": 32.37586718804001,
      "eliteMeanReward": 153.88516914015491
    },
    {
      "generation": 13,
      "bestReward": 232.45672775263736,
      "meanReward": 69.32545951222019,
      "eliteMeanReward": 141.7548079897691
    },
    {
      "generation": 14,
      "bestReward": 221.79875003608788,
      "meanReward": 21.23321677500278,
      "eliteMeanReward": 92.40325609659997
    },
    {
      "generation": 15,
      "bestReward": 374.03900983460244,
      "meanReward": 49.334692014904796,
      "eliteMeanReward": 163.91083034169878
    },
    {
      "generation": 16,
      "bestReward": 119.96401461112617,
      "meanReward": 34.302507428783336,
      "eliteMeanReward": 112.89580818695435
    },
    {
      "generation": 17,
      "bestReward": 223.818665540617,
      "meanReward": 27.115483767886854,
      "eliteMeanReward": 113.00173310812347
    },
    {
      "generation": 18,
      "bestReward": 220.7933333333388,
      "meanReward": 56.37379175896333,
      "eliteMeanReward": 179.66953854577955
    },
    {
      "generation": 19,
      "bestReward": 223.79333333333747,
      "meanReward": 46.562106519077794,
      "eliteMeanReward": 153.94534618583646
    },
    {
      "generation": 20,
      "bestReward": 338.9899999999951,
      "meanReward": 35.66568903339151,
      "eliteMeanReward": 159.41708522063672
    },
    {
      "generation": 21,
      "bestReward": 113.31536228235728,
      "meanReward": 18.003996492444355,
      "eliteMeanReward": 88.93754068489511
    },
    {
      "generation": 22,
      "bestReward": 128.96019054347065,
      "meanReward": 14.602339461241346,
      "eliteMeanReward": 73.79558999895409
    },
    {
      "generation": 23,
      "bestReward": 109.59666666666723,
      "meanReward": 12.346172513424255,
      "eliteMeanReward": 63.971916374680994
    },
    {
      "generation": 24,
      "bestReward": 319.98999999997307,
      "meanReward": 28.293739587685053,
      "eliteMeanReward": 135.30639581645872
    },
    {
      "generation": 25,
      "bestReward": 225.7933333333378,
      "meanReward": 33.755288260901004,
      "eliteMeanReward": 154.1466243166439
    },
    {
      "generation": 26,
      "bestReward": 358.2009240673864,
      "meanReward": 66.05766209519881,
      "eliteMeanReward": 204.64540480840827
    },
    {
      "generation": 27,
      "bestReward": 239.6955308738588,
      "meanReward": 64.43516857848364,
      "eliteMeanReward": 220.2297526164703
    },
    {
      "generation": 28,
      "bestReward": 125.18556546631723,
      "meanReward": 19.972552999403767,