{
  "generation": 20,
  "mu": [
    -0.04799244794592627,
    -0.037846946990368675,
    -0.1436171101250608,
    -0.07002824830327202,
    0.07921631887812079,
    -0.10078711509613088,
    -0.1057818059238396,
    0.09590977106065476,
    -0.044482180986075974,
    0.05078328946588968,
    -0.05547856636954487,
    0.016447562801992936,
    0.11310978522928425,
    0.041315200715223294,
    -0.014919824191864717,
    0.014593800758009817,
    -0.01045173029733827,
    -0.0688358054982536,
    0.18509009694685621,
    0.224191347626136,
    0.044035134991492045,
    -0.08630300240392164,
    0.041290695628707894,
    -0.1322961787369017,
    0.06626207911751725,
    0.08648693436801153,
    -0.0435289213876658,
    -0.010861704073473597,
    0.09720967696172315,
    -0.05222945951540516,
    0.10258986437707392,
    -0.08895926083440793,
    0.07034941828919401,
    -0.03422553674309314,
    -0.029264182346142486,
    0.10567225959816892,
    0.1718684510775314,
    0.019812491955050165,
    -0.09125591034708831,
    0.07123451126925784,
    -0.13973791435686195,
    -0.015767905300177236,
    0.13044643602172018,
    0.013632374419451606,
    0.001887298818688487,
    0.03598999760448858,
    -0.12026307634524405,
    0.07651505869512187
  ],
  "sigma": [
    0.010210881254610227,
    0.01047449541074221,
    0.01,
    0.01,
    0.01,
    0.01,
    0.011806367152734977,
    0.01026699676141914,
    0.011944359800144503,
    0.01,
    0.01,
    0.01049613498262698,
    0.012546151940899343,
    0.010007490781409159,
    0.01,
    0.012928985990970743,
    0.01,
    0.03185671790283851,
    0.01,
    0.011722717842089248,
    0.01,
    0.026167979068465713,
    0.01,
    0.01,
    0.010558642483055363,
    0.01,
    0.014357353356759434,
    0.01,
    0.011309672268267184,
    0.01200694437006717,
    0.01,
    0.01,
    0.010880328834461035,
    0.016385172832144978,
    0.01,
    0.01,
    0.01,
    0.01,
    0.01,
    0.017391728519858495,
    0.013793790790080269,
    0.014980338771931908,
    0.01,
    0.01644657265477561,
    0.011880393405657547,
    0.017759171751921498,
    0.01,
    0.01
  ],
  "bestReward": 374.03900983460244,
  "bestWeights": [
    -0.061661323477168385,
    -0.015741989645589597,
    -0.12567733980288445,
    -0.0646652070742607,
    0.07885891800572632,
    -0.11761695291063962,
    -0.11510118441550904,
    0.11088144299224825,
    -0.03145620135078542,
    0.013885813737244637,
    -0.05702194948049629,
    0.017371709788969084,
    0.13948039679496008,
    0.049948211832712974,
    -0.0008432574012252607,
    0.02622348540769432,
    0.004029980018098821,
    -0.07135886465611743,
    0.1810648466299698,
    0.226704654871649,
    0.016323424591299665,
    -0.05232222341072257,
    0.009433658010751864,
    -0.13224539844795158,
    0.06584254186031666,
    0.09661821969184262,
    -0.028558182771783465,
    -0.003218191631294982,
    0.09757349671717992,
    -0.04512943682840387,
    0.09067931408452733,
    -0.09082778143330154,
    0.08102497287466512,
    -0.037354611378928496,
    -0.012445210615113547,
    0.10999141075589902,
    0.18277088963597246,
    0.025076652784781613,
    -0.09695858638386967,
    0.07477176232918845,
    -0.1565064891114874,
    -0.011498104029024082,
    0.12686856049894446,
    -0.053939580023158275,
    -0.013217925265451583,
    0.05207197582049778,
    -0.11048516802500376,
    0.08156865017538298
  ],
  "history": [
    {
      "generation": 0,
      "bestReward": 125.9138013738509,
      "meanReward": -208.10440223037114,
      "eliteMeanReward": 44.117162993649
    },
    {
      "generation": 1,
      "bestReward": 118.14492778163188,
      "meanReward": -73.21434500982507,
      "eliteMeanReward": 63.56696635270159
    },
    {
      "generation": 2,
      "bestReward": 131.78685276996111,
      "meanReward": -3.5881492695645663,
      "eliteMeanReward": 107.28668739928507
    },
    {
      "generation": 3,
      "bestReward": 331.1332903592707,
      "meanReward": 63.14094823648001,
      "eliteMeanReward": 198.48109922032967
    },
    {
      "generation": 4,
      "bestReward": 212.79333333333486,
      "meanReward": -15.745422143302267,
      "eliteMeanReward": 150.0407132022862
    },
    {
      "generation": 5,
      "bestReward": 228.32693925200286,
      "meanReward": 27.131920102121153,
      "eliteMeanReward": 142.59451252349493
    },
    {
      "generation": 6,
      "bestReward": 359.0498148220919,
      "meanReward": 65.51770012546427,
      "eliteMeanReward": 243.89311526969246
    },
    {
      "generation": 7,
      "bestReward": 208.79333333333793,
      "meanReward": 38.20416752117842,
      "eliteMeanReward": 133.00637070922505
    },
    {
      "generation": 8,
      "bestReward": 221.41381142661027,
      "meanReward": 65.45326354014989,
      "eliteMeanReward": 154.43901119101366
    },
    {
      "generation": 9,
      "bestReward": 238.8114934813894,
      "meanReward": 32.45834192389749,
      "eliteMeanReward": 151.77757683449164
    },
    {
      "generation": 10,
      "bestReward": 257.4698137467401,
      "meanReward": 56.322707462245674,
      "eliteMeanReward": 179.20472661513728
    },
    {
      "generation": 11,
      "bestReward": 122.69353870382557,
      "meanReward": 32.83922322177982,
      "eliteMeanReward": 109.43428006641929
    },
    {
      "generation": 12,
      "bestReward": 224.84076479145287,
      "meanReward": 32.37586718804001,
      "eliteMeanReward": 153.88516914015491
    },
    {
      "generation": 13,
      "bestReward": 232.45672775263736,
      "meanReward": 69.32545951222019,
      "eliteMeanReward": 141.7548079897691
    },
    {
      "generation": 14,
      "bestReward": 221.79875003608788,
      "meanReward": 21.23321677500278,
      "eliteMeanReward": 92.40325609659997
    },
    {
      "generation": 15,
      "bestReward": 374.03900983460244,
      "meanReward": 49.334692014904796,
      "eliteMeanReward": 163.91083034169878
    },
    {
      "generation": 16,
      "bestReward": 119.96401461112617,
      "meanReward": 34.302507428783336,
      "eliteMeanReward": 112.89580818695435
    },
    {
      "generation": 17,
      "bestReward": 223.818665540617,
      "meanReward": 27.115483767886854,
      "eliteMeanReward": 113.00173310812347
    },
    {
      "generation": 18,
      "bestReward": 220.7933333333388,
      "meanReward": 56.37379175896333,
      "eliteMeanReward": 179.66953854577955
    },
    {
      "generation": 19,
      "bestReward": 223.79333333333747,
      "meanReward": 46.562106519077794,
      "eliteMeanReward": 153.94534618583646
    }
  ]
}