{
  "generation": 40,
  "mu": [
    0.16047981426055202,
    -0.010264449771165602,
    -0.07702504656750994,
    -0.009333370248262191,
    0.07386326244034266,
    -0.02437518963152974,
    0.13888018082178313,
    -0.027679611022438277,
    -0.08247326777173428,
    0.12408758391605261,
    -0.024918376172924597,
    -0.08458718584697338,
    -0.08729407816932676,
    0.015291038492791653,
    0.025775275342273023,
    0.0649041461556837,
    -0.02589336972505666,
    0.10194201547062372,
    0.3450192787010046,
    0.08990021919660139,
    -0.059395595128303745,
    -0.017914809871652917,
    -0.029882294463202442,
    -0.06802523196121639,
    0.05200682521096891,
    -0.21279508346150414,
    -0.061314312862850925,
    0.027637731141735882,
    -0.14610989963831084,
    0.0043377839300616314,
    -0.07376497498262416,
    -0.04139640067650407,
    -0.12257723606312246,
    -0.021461470995463302,
    -0.12882783852373908,
    0.18980974758703706,
    -0.0808442471126408,
    -0.09181802009095841,
    -0.053366931227119704,
    -0.041810279109583785,
    0.05318237015383799,
    -0.1160799293170773,
    -0.12982160587446961,
    -0.12677727172584208,
    -0.039655525457277296,
    0.0882128233732796,
    -0.030759882007582156,
    -0.11834386697823365
  ],
  "sigma": [
    0.01,
    0.01,
    0.01,
    0.01053067903569708,
    0.011835308812104641,
    0.01,
    0.014536473582374575,
    0.01,
    0.01,
    0.013305046480027023,
    0.01,
    0.01,
    0.013997433257602155,
    0.01,
    0.01,
    0.01,
    0.01,
    0.010616688514065635,
    0.013249558794889364,
    0.01,
    0.01,
    0.01,
    0.01,
    0.014272423429442422,
    0.01,
    0.01,
    0.01,
    0.01,
    0.01,
    0.01669700675986884,
    0.021254826799771715,
    0.01,
    0.01,
    0.01,
    0.01,
    0.01,
    0.01,
    0.01854316792938936,
    0.03144141999744353,
    0.01,
    0.025950630853062078,
    0.012572193970949113,
    0.01,
    0.01,
    0.019647551261303655,
    0.016055905023705706,
    0.01,
    0.01
  ],
  "bestReward": 1518.472636390672,
  "bestWeights": [
    0.1916171541110792,
    -0.029181212384087656,
    -0.08421567472048345,
    -0.0022006606328988047,
    0.07323493532654399,
    -0.014809098476476174,
    0.16797095547460125,
    -0.057438083210589935,
    -0.054742868928116556,
    0.12231455277545365,
    0.0027404138784844897,
    -0.08970162926496274,
    -0.028992231742821128,
    0.14778262178079474,
    0.06535574927064014,
    0.019263965477677267,
    -0.009003081560340399,
    0.08592018103963857,
    0.2859127103680269,
    0.05680075623478586,
    -0.08072546062738369,
    -0.014787091234815291,
    -0.02883608238042519,
    -0.07163003164229095,
    0.09700517253378219,
    -0.20921382276983402,
    -0.05691167370418139,
    0.006023334608806295,
    -0.14474472165023164,
    -0.008010979327082543,
    -0.03528928103000359,
    -0.05944680144869421,
    -0.0815341506123019,
    -0.0471927488248049,
    -0.14986611573831798,
    0.16573560300670834,
    -0.06483929984268375,
    -0.11358320067846349,
    -0.06480132598006948,
    -0.06852374658552741,
    -0.013065582734182865,
    -0.10499595411431589,
    -0.04853902208391624,
    -0.0238801494768677,
    -0.03797417182973535,
    0.08793086097482018,
    -0.021647642144922444,
    -0.07284412804282445
  ],
  "history": [
    {
      "generation": 0,
      "bestReward": 777.039429459272,
      "meanReward": 330.5566081849398,
      "eliteMeanReward": 697.0200194364462
    },
    {
      "generation": 1,
      "bestReward": 907.078415257728,
      "meanReward": 293.0320700417884,
      "eliteMeanReward": 703.5987560289378
    },
    {
      "generation": 2,
      "bestReward": 1113.6324621821523,
      "meanReward": 416.7538670850292,
      "eliteMeanReward": 885.1835129384428
    },
    {
      "generation": 3,
      "bestReward": 1163.398484382073,
      "meanReward": 537.101685341557,
      "eliteMeanReward": 917.8768429771802
    },
    {
      "generation": 4,
      "bestReward": 1287.9074629897725,
      "meanReward": 575.2025141726061,
      "eliteMeanReward": 1071.8218797650923
    },
    {
      "generation": 5,
      "bestReward": 1199.7384161750438,
      "meanReward": 586.5940023698438,
      "eliteMeanReward": 986.3346232661659
    },
    {
      "generation": 6,
      "bestReward": 1128.3547916197365,
      "meanReward": 714.1345119114234,
      "eliteMeanReward": 1072.0645831865822
    },
    {
      "generation": 7,
      "bestReward": 1249.0402403630032,
      "meanReward": 977.9426752565014,
      "eliteMeanReward": 1206.3074123607344
    },
    {
      "generation": 8,
      "bestReward": 1518.472636390672,
      "meanReward": 915.1340554577182,
      "eliteMeanReward": 1295.1464537485112
    },
    {
      "generation": 9,
      "bestReward": 1277.2537216077785,
      "meanReward": 692.1991647148374,
      "eliteMeanReward": 1146.0185303840576
    },
    {
      "generation": 10,
      "bestReward": 1313.8931342804703,
      "meanReward": 977.9152176035747,
      "eliteMeanReward": 1234.7662407260577
    },
    {
      "generation": 11,
      "bestReward": 1289.2829896026574,
      "meanReward": 897.5353094632776,
      "eliteMeanReward": 1213.4681879860264
    },
    {
      "generation": 12,
      "bestReward": 1323.2222189959725,
      "meanReward": 820.4563752875181,
      "eliteMeanReward": 1150.648912139178
    },
    {
      "generation": 13,
      "bestReward": 1288.5306519578437,
      "meanReward": 1013.0327899751503,
      "eliteMeanReward": 1245.3660543216815
    },
    {
      "generation": 14,
      "bestReward": 1365.4354504179844,
      "meanReward": 821.5811153349572,
      "eliteMeanReward": 1158.278514699908
    },
    {
      "generation": 15,
      "bestReward": 1343.372357862824,
      "meanReward": 915.0694947117387,
      "eliteMeanReward": 1229.6603963348782
    },
    {
      "generation": 16,
      "bestReward": 1481.4951892259376,
      "meanReward": 1005.2489270612108,
      "eliteMeanReward": 1240.733248115719
    },
    {
      "generation": 17,
      "bestReward": 1477.269066993762,
      "meanReward": 811.0223969209685,
      "eliteMeanReward": 1284.2413139679188
    },
    {
      "generation": 18,
      "bestReward": 1249.5806201824307,
      "meanReward": 677.8186346407927,
      "eliteMeanReward": 1159.4109134490704
    },
    {
      "generation": 19,
      "bestReward": 1369.422446901326,
      "meanReward": 844.2314242171644,
      "eliteMeanReward": 1232.8458914184482
    },
    {
      "generation": 20,
      "bestReward": 1451.3228840956747,
      "meanReward": 876.3155826121753,
      "eliteMeanReward": 1216.536836739488
    },
    {
      "generation": 21,
      "bestReward": 1216.0378596128767,
      "meanReward": 856.2379161127589,
      "eliteMeanReward": 1191.1600139008362
    },
    {
      "generation": 22,
      "bestReward": 1307.2229102109732,
      "meanReward": 913.9418474985732,
      "eliteMeanReward": 1253.2547770117094
    },
    {
      "generation": 23,
      "bestReward": 1382.455350561736,
      "meanReward": 803.3871013348227,
      "eliteMeanReward": 1242.8304305746399
    },
    {
      "generation": 24,
      "bestReward": 1253.7633333333904,
      "meanReward": 869.204169357452,
      "eliteMeanReward": 1210.7789991951965
    },
    {
      "generation": 25,
      "bestReward": 1277.4408063781386,
      "meanReward": 772.4198603163697,
      "eliteMeanReward": 1207.7858386306366
    },
    {
      "generation": 26,
      "bestReward": 1381.9286258307209,
      "meanReward": 885.8605313059406,
      "eliteMeanReward": 1299.698420169699
    },
    {
      "generation": 27,
      "bestReward": 1434.8805910076283,
      "meanReward": 801.7119248933648,
      "eliteMeanReward": 1246.0448029849001
    },
    {
      "generation": 28,
      "bestReward": 1458.50522835359,
      "meanReward": 621.9609799232495,
      "eliteMeanReward": 1223.389330451804
    },
    {
      "generation": 29,