{
  "generation": 50,
  "mu": [
    0.15805433416058529,
    -0.0004117652163551021,
    -0.05828000292743735,
    -0.018658018534551374,
    0.06630982276501027,
    -0.017109494703938504,
    0.15619939672183217,
    -0.031011627039446106,
    -0.0837391051926499,
    0.13303784411453048,
    -0.018273320855848044,
    -0.09107979745666736,
    -0.09706755094375401,
    0.004362726553680621,
    0.019086611899319105,
    0.06867191018735952,
    -0.025847569676278832,
    0.09484642584125709,
    0.3687599381879702,
    0.07538767763606932,
    -0.029135931533570032,
    -0.001228520022813718,
    0.005338467460093525,
    -0.04792256902552317,
    0.005402442870390758,
    -0.2024052116926809,
    -0.06469521650638496,
    -0.02187286321284329,
    -0.1371481585902311,
    -0.026249289719471235,
    -0.06339736167354182,
    -0.03285430993095268,
    -0.10455869031833975,
    -0.000838978062075689,
    -0.14100198462793678,
    0.19049560634987298,
    -0.10159098990877613,
    -0.09622649664711076,
    -0.09662907122602563,
    -0.023281628462070707,
    0.0484486492005751,
    -0.11181523519045489,
    -0.1504813238742526,
    -0.11385335151415218,
    0.00269104129538635,
    0.07258690554518939,
    -0.029965398686605076,
    -0.11470202801099112
  ],
  "sigma": [
    0.01,
    0.01,
    0.01,
    0.01,
    0.010624959794318453,
    0.01,
    0.013019992061209228,
    0.01,
    0.01,
    0.015424436840542819,
    0.01365215257959095,
    0.01,
    0.01,
    0.01,
    0.01037364186863696,
    0.011826129988154549,
    0.010464015413968995,
    0.010159094698940966,
    0.011190736974897452,
    0.01,
    0.01,
    0.01,
    0.01,
    0.010085742331003893,
    0.01,
    0.012223356824437643,
    0.015142160258554756,
    0.01,
    0.014823968023329363,
    0.05606791599294627,
    0.01,
    0.010010156627400157,
    0.01,
    0.01,
    0.01172658931888971,
    0.01,
    0.01,
    0.016595172307650292,
    0.011833673512605896,
    0.01,
    0.01,
    0.01,
    0.01053966919095898,
    0.01,
    0.015380535844910637,
    0.01,
    0.01706983687761169,
    0.01
  ],
  "bestReward": 1538.2703592033208,
  "bestWeights": [
    0.14936877814626404,
    0.012704620167638415,
    -0.07811861276304416,
    -0.013928038484076657,
    0.06938601223152153,
    -0.027462470982245805,
    0.15536640915294803,
    -0.01693209497157105,
    -0.08190018765834622,
    0.1570432725747863,
    -0.024695623351223293,
    -0.08014340855371486,
    -0.0825434227022101,
    -0.0010746621187105974,
    0.01621881141497286,
    0.06367012809998052,
    -0.02921821824614664,
    0.09304882506589945,
    0.3550611599211208,
    0.08171714473903953,
    -0.0665623310249703,
    -0.017643359687562497,
    -0.006907592704040844,
    -0.04525899497198321,
    0.05241475433281981,
    -0.2098399378139046,
    -0.0811961504717613,
    0.007036062214183316,
    -0.15175008995598738,
    0.012982881436514396,
    -0.07837543732270234,
    -0.04633377630683824,
    -0.09655478792901738,
    0.0120212347606754,
    -0.12898604090870858,
    0.19242675778470728,
    -0.10759993498615308,
    -0.07580273875130955,
    -0.052719421877151645,
    -0.030439831895718313,
    0.03963127855445238,
    -0.10915518961302022,
    -0.14590618377068346,
    -0.14881332666181502,
    -0.01759573059522371,
    0.07208091933700977,
    -0.030391098922155153,
    -0.11724666221158099
  ],
  "history": [
    {
      "generation": 0,
      "bestReward": 777.039429459272,
      "meanReward": 330.5566081849398,
      "eliteMeanReward": 697.0200194364462
    },
    {
      "generation": 1,
      "bestReward": 907.078415257728,
      "meanReward": 293.0320700417884,
      "eliteMeanReward": 703.5987560289378
    },
    {
      "generation": 2,
      "bestReward": 1113.6324621821523,
      "meanReward": 416.7538670850292,
      "eliteMeanReward": 885.1835129384428
    },
    {
      "generation": 3,
      "bestReward": 1163.398484382073,
      "meanReward": 537.101685341557,
      "eliteMeanReward": 917.8768429771802
    },
    {
      "generation": 4,
      "bestReward": 1287.9074629897725,
      "meanReward": 575.2025141726061,
      "eliteMeanReward": 1071.8218797650923
    },
    {
      "generation": 5,
      "bestReward": 1199.7384161750438,
      "meanReward": 586.5940023698438,
      "eliteMeanReward": 986.3346232661659
    },
    {
      "generation": 6,
      "bestReward": 1128.3547916197365,
      "meanReward": 714.1345119114234,
      "eliteMeanReward": 1072.0645831865822
    },
    {
      "generation": 7,
      "bestReward": 1249.0402403630032,
      "meanReward": 977.9426752565014,
      "eliteMeanReward": 1206.3074123607344
    },
    {
      "generation": 8,
      "bestReward": 1518.472636390672,
      "meanReward": 915.1340554577182,
      "eliteMeanReward": 1295.1464537485112
    },
    {
      "generation": 9,
      "bestReward": 1277.2537216077785,
      "meanReward": 692.1991647148374,
      "eliteMeanReward": 1146.0185303840576
    },
    {
      "generation": 10,
      "bestReward": 1313.8931342804703,
      "meanReward": 977.9152176035747,
      "eliteMeanReward": 1234.7662407260577
    },
    {
      "generation": 11,
      "bestReward": 1289.2829896026574,
      "meanReward": 897.5353094632776,
      "eliteMeanReward": 1213.4681879860264
    },
    {
      "generation": 12,
      "bestReward": 1323.2222189959725,
      "meanReward": 820.4563752875181,
      "eliteMeanReward": 1150.648912139178
    },
    {
      "generation": 13,
      "bestReward": 1288.5306519578437,
      "meanReward": 1013.0327899751503,
      "eliteMeanReward": 1245.3660543216815
    },
    {
      "generation": 14,
      "bestReward": 1365.4354504179844,
      "meanReward": 821.5811153349572,
      "eliteMeanReward": 1158.278514699908
    },
    {
      "generation": 15,
      "bestReward": 1343.372357862824,
      "meanReward": 915.0694947117387,
      "eliteMeanReward": 1229.6603963348782
    },
    {
      "generation": 16,
      "bestReward": 1481.4951892259376,
      "meanReward": 1005.2489270612108,
      "eliteMeanReward": 1240.733248115719
    },
    {
      "generation": 17,
      "bestReward": 1477.269066993762,
      "meanReward": 811.0223969209685,
      "eliteMeanReward": 1284.2413139679188
    },
    {
      "generation": 18,
      "bestReward": 1249.5806201824307,
      "meanReward": 677.8186346407927,
      "eliteMeanReward": 1159.4109134490704
    },
    {
      "generation": 19,
      "bestReward": 1369.422446901326,
      "meanReward": 844.2314242171644,
      "eliteMeanReward": 1232.8458914184482
    },
    {
      "generation": 20,
      "bestReward": 1451.3228840956747,
      "meanReward": 876.3155826121753,
      "eliteMeanReward": 1216.536836739488
    },
    {
      "generation": 21,
      "bestReward": 1216.0378596128767,
      "meanReward": 856.2379161127589,
      "eliteMeanReward": 1191.1600139008362
    },
    {
      "generation": 22,
      "bestReward": 1307.2229102109732,
      "meanReward": 913.9418474985732,
      "eliteMeanReward": 1253.2547770117094
    },
    {
      "generation": 23,
      "bestReward": 1382.455350561736,
      "meanReward": 803.3871013348227,
      "eliteMeanReward": 1242.8304305746399
    },
    {
      "generation": 24,
      "bestReward": 1253.7633333333904,
      "meanReward": 869.204169357452,
      "eliteMeanReward": 1210.7789991951965
    },
    {
      "generation": 25,
      "bestReward": 1277.4408063781386,
      "meanReward": 772.4198603163697,
      "eliteMeanReward": 1207.7858386306366
    },
    {
      "generation": 26,
      "bestReward": 1381.9286258307209,
      "meanReward": 885.8605313059406,
      "eliteMeanReward": 1299.698420169699
    },
    {
      "generation": 27,
      "bestReward": 1434.8805910076283,
      "meanReward": 801.7119248933648,
      "eliteMeanReward": 1246.0448029849001
    },
    {
      "generation": 28,
      "bestReward": 1458.50522835359,
      "meanReward": 621.9609799232495,