{
  "generation": 10,
  "mu": [
    0.18661659199469538,
    -0.011587418708606483,
    -0.08560828535680402,
    0.008249451236928034,
    0.05139518826974161,
    -0.015891196908639205,
    0.16852460571631403,
    -0.08412433894423663,
    -0.07036345062552868,
    0.12496323269636019,
    -0.003185819274514481,
    -0.08802690911766928,
    -0.04447765232368166,
    0.08913868010810491,
    0.05210392938075592,
    0.014971185893509112,
    -0.003223105346412658,
    0.08038537298087745,
    0.3010817389606088,
    0.057538672217795794,
    -0.06537933151264183,
    -0.004564940770613128,
    -0.02569698466825119,
    -0.05414371303853009,
    0.07475225936029381,
    -0.16588585637889314,
    -0.04819144496960198,
    0.013487579501312411,
    -0.12617638707208906,
    -0.006906888228094386,
    -0.04022305231070862,
    -0.03578251124224844,
    -0.08376264288434025,
    -0.02945455960443983,
    -0.09532578474236941,
    0.17053066509135267,
    -0.14874790158517476,
    -0.12503671440555134,
    -0.05802820792131458,
    -0.06698623278531639,
    0.005860392408191845,
    -0.09812355988011373,
    -0.13806560490541925,
    -0.039451691447708395,
    -0.05437894772283848,
    0.0872150551887771,
    -0.03274952346140439,
    -0.09512675293485297
  ],
  "sigma": [
    0.01,
    0.012330457957168238,
    0.01,
    0.015916948926322165,
    0.018634820358464043,
    0.01,
    0.019677154533171766,
    0.01625920021465837,
    0.01,
    0.01,
    0.01,
    0.01680692617417011,
    0.011931106828079999,
    0.13598377767670763,
    0.01,
    0.012962714548425954,
    0.01,
    0.01,
    0.026989684987068753,
    0.01,
    0.010841417542037686,
    0.011854349668145152,
    0.01,
    0.01444814722307418,
    0.016384024070188834,
    0.022252644953505728,
    0.01,
    0.01,
    0.013092076937571825,
    0.01,
    0.01235851204613989,
    0.0178772403739632,
    0.013462203019270537,
    0.01394374520563404,
    0.035288511534663815,
    0.013107971865687977,
    0.04529706940787053,
    0.04989454123051453,
    0.01522789874875328,
    0.01398793025225983,
    0.01,
    0.01,
    0.01725167006911894,
    0.01,
    0.01,
    0.015511993447016302,
    0.01,
    0.010574815295033362
  ],
  "bestReward": 1518.472636390672,
  "bestWeights": [
    0.1916171541110792,
    -0.029181212384087656,
    -0.08421567472048345,
    -0.0022006606328988047,
    0.07323493532654399,
    -0.014809098476476174,
    0.16797095547460125,
    -0.057438083210589935,
    -0.054742868928116556,
    0.12231455277545365,
    0.0027404138784844897,
    -0.08970162926496274,
    -0.028992231742821128,
    0.14778262178079474,
    0.06535574927064014,
    0.019263965477677267,
    -0.009003081560340399,
    0.08592018103963857,
    0.2859127103680269,
    0.05680075623478586,
    -0.08072546062738369,
    -0.014787091234815291,
    -0.02883608238042519,
    -0.07163003164229095,
    0.09700517253378219,
    -0.20921382276983402,
    -0.05691167370418139,
    0.006023334608806295,
    -0.14474472165023164,
    -0.008010979327082543,
    -0.03528928103000359,
    -0.05944680144869421,
    -0.0815341506123019,
    -0.0471927488248049,
    -0.14986611573831798,
    0.16573560300670834,
    -0.06483929984268375,
    -0.11358320067846349,
    -0.06480132598006948,
    -0.06852374658552741,
    -0.013065582734182865,
    -0.10499595411431589,
    -0.04853902208391624,
    -0.0238801494768677,
    -0.03797417182973535,
    0.08793086097482018,
    -0.021647642144922444,
    -0.07284412804282445
  ],
  "history": [
    {
      "generation": 0,
      "bestReward": 777.039429459272,
      "meanReward": 330.5566081849398,
      "eliteMeanReward": 697.0200194364462
    },
    {
      "generation": 1,
      "bestReward": 907.078415257728,
      "meanReward": 293.0320700417884,
      "eliteMeanReward": 703.5987560289378
    },
    {
      "generation": 2,
      "bestReward": 1113.6324621821523,
      "meanReward": 416.7538670850292,
      "eliteMeanReward": 885.1835129384428
    },
    {
      "generation": 3,
      "bestReward": 1163.398484382073,
      "meanReward": 537.101685341557,
      "eliteMeanReward": 917.8768429771802
    },
    {
      "generation": 4,
      "bestReward": 1287.9074629897725,
      "meanReward": 575.2025141726061,
      "eliteMeanReward": 1071.8218797650923
    },
    {
      "generation": 5,
      "bestReward": 1199.7384161750438,
      "meanReward": 586.5940023698438,
      "eliteMeanReward": 986.3346232661659
    },
    {
      "generation": 6,
      "bestReward": 1128.3547916197365,
      "meanReward": 714.1345119114234,
      "eliteMeanReward": 1072.0645831865822
    },
    {
      "generation": 7,
      "bestReward": 1249.0402403630032,
      "meanReward": 977.9426752565014,
      "eliteMeanReward": 1206.3074123607344
    },
    {
      "generation": 8,
      "bestReward": 1518.472636390672,
      "meanReward": 915.1340554577182,
      "eliteMeanReward": 1295.1464537485112
    },
    {
      "generation": 9,
      "bestReward": 1277.2537216077785,
      "meanReward": 692.1991647148374,
      "eliteMeanReward": 1146.0185303840576
    }
  ]
}