{
  "generation": 30,
  "mu": [
    0.169429961853307,
    0.009446124693702228,
    -0.09498152360151707,
    0.004465208349256565,
    0.047268003163811655,
    -0.02855343504363419,
    0.16685183624011293,
    -0.04619210587524823,
    -0.0699929710317986,
    0.14090507538447705,
    -0.02738271170125799,
    -0.08878390903591996,
    -0.07734828571795162,
    0.0433155857404734,
    0.006385806351502874,
    0.04318928573830263,
    -0.022393836012278852,
    0.09600927472669026,
    0.331603503833538,
    0.08280071644743628,
    -0.052978628578204255,
    -0.008243688579836586,
    -0.03089251511799527,
    -0.05250364514713104,
    0.04093298569172525,
    -0.20092978002799064,
    -0.07314415399462357,
    0.020196210225373594,
    -0.13107798657382835,
    -0.002803091168307477,
    -0.05807737869074621,
    -0.055679758467312324,
    -0.08607870771943539,
    -0.03675816183318751,
    -0.1252427595010722,
    0.17583902806775692,
    -0.09812245252761502,
    -0.0977139289721497,
    -0.10665504587561377,
    -0.04428164627953189,
    -0.0017827167585033024,
    -0.11764521505247091,
    -0.14555561634726782,
    -0.09753184956382657,
    -0.04897069486464817,
    0.09009983630576791,
    -0.035819282249299,
    -0.09190730856538203
  ],
  "sigma": [
    0.014718244340238652,
    0.01,
    0.01,
    0.01003861554438459,
    0.01,
    0.01,
    0.01,
    0.013067292968994837,
    0.01,
    0.01,
    0.010091812912400659,
    0.01,
    0.01,
    0.012475871061461039,
    0.010453300422574719,
    0.01,
    0.019396774058052364,
    0.01,
    0.01,
    0.01,
    0.010083979911377655,
    0.010704298052210627,
    0.01,
    0.012196300365524888,
    0.01,
    0.012592804730223934,
    0.010112333202153875,
    0.013036252466353829,
    0.01,
    0.01,
    0.01,
    0.012893602169331112,
    0.01,
    0.01,
    0.01,
    0.01,
    0.01,
    0.01,
    0.0157548982109661,
    0.01088749724313609,
    0.01,
    0.011282776571032596,
    0.013358800904277903,
    0.016497539918174892,
    0.012427883018105969,
    0.01,
    0.01061765748068053,
    0.01
  ],
  "bestReward": 1518.472636390672,
  "bestWeights": [
    0.1916171541110792,
    -0.029181212384087656,
    -0.08421567472048345,
    -0.0022006606328988047,
    0.07323493532654399,
    -0.014809098476476174,
    0.16797095547460125,
    -0.057438083210589935,
    -0.054742868928116556,
    0.12231455277545365,
    0.0027404138784844897,
    -0.08970162926496274,
    -0.028992231742821128,
    0.14778262178079474,
    0.06535574927064014,
    0.019263965477677267,
    -0.009003081560340399,
    0.08592018103963857,
    0.2859127103680269,
    0.05680075623478586,
    -0.08072546062738369,
    -0.014787091234815291,
    -0.02883608238042519,
    -0.07163003164229095,
    0.09700517253378219,
    -0.20921382276983402,
    -0.05691167370418139,
    0.006023334608806295,
    -0.14474472165023164,
    -0.008010979327082543,
    -0.03528928103000359,
    -0.05944680144869421,
    -0.0815341506123019,
    -0.0471927488248049,
    -0.14986611573831798,
    0.16573560300670834,
    -0.06483929984268375,
    -0.11358320067846349,
    -0.06480132598006948,
    -0.06852374658552741,
    -0.013065582734182865,
    -0.10499595411431589,
    -0.04853902208391624,
    -0.0238801494768677,
    -0.03797417182973535,
    0.08793086097482018,
    -0.021647642144922444,
    -0.07284412804282445
  ],
  "history": [
    {
      "generation": 0,
      "bestReward": 777.039429459272,
      "meanReward": 330.5566081849398,
      "eliteMeanReward": 697.0200194364462
    },
    {
      "generation": 1,
      "bestReward": 907.078415257728,
      "meanReward": 293.0320700417884,
      "eliteMeanReward": 703.5987560289378
    },
    {
      "generation": 2,
      "bestReward": 1113.6324621821523,
      "meanReward": 416.7538670850292,
      "eliteMeanReward": 885.1835129384428
    },
    {
      "generation": 3,
      "bestReward": 1163.398484382073,
      "meanReward": 537.101685341557,
      "eliteMeanReward": 917.8768429771802
    },
    {
      "generation": 4,
      "bestReward": 1287.9074629897725,
      "meanReward": 575.2025141726061,
      "eliteMeanReward": 1071.8218797650923
    },
    {
      "generation": 5,
      "bestReward": 1199.7384161750438,
      "meanReward": 586.5940023698438,
      "eliteMeanReward": 986.3346232661659
    },
    {
      "generation": 6,
      "bestReward": 1128.3547916197365,
      "meanReward": 714.1345119114234,
      "eliteMeanReward": 1072.0645831865822
    },
    {
      "generation": 7,
      "bestReward": 1249.0402403630032,
      "meanReward": 977.9426752565014,
      "eliteMeanReward": 1206.3074123607344
    },
    {
      "generation": 8,
      "bestReward": 1518.472636390672,
      "meanReward": 915.1340554577182,
      "eliteMeanReward": 1295.1464537485112
    },
    {
      "generation": 9,
      "bestReward": 1277.2537216077785,
      "meanReward": 692.1991647148374,
      "eliteMeanReward": 1146.0185303840576
    },
    {
      "generation": 10,
      "bestReward": 1313.8931342804703,
      "meanReward": 977.9152176035747,
      "eliteMeanReward": 1234.7662407260577
    },
    {
      "generation": 11,
      "bestReward": 1289.2829896026574,
      "meanReward": 897.5353094632776,
      "eliteMeanReward": 1213.4681879860264
    },
    {
      "generation": 12,
      "bestReward": 1323.2222189959725,
      "meanReward": 820.4563752875181,
      "eliteMeanReward": 1150.648912139178
    },
    {
      "generation": 13,
      "bestReward": 1288.5306519578437,
      "meanReward": 1013.0327899751503,
      "eliteMeanReward": 1245.3660543216815
    },
    {
      "generation": 14,
      "bestReward": 1365.4354504179844,
      "meanReward": 821.5811153349572,
      "eliteMeanReward": 1158.278514699908
    },
    {
      "generation": 15,
      "bestReward": 1343.372357862824,
      "meanReward": 915.0694947117387,
      "eliteMeanReward": 1229.6603963348782
    },
    {
      "generation": 16,
      "bestReward": 1481.4951892259376,
      "meanReward": 1005.2489270612108,
      "eliteMeanReward": 1240.733248115719
    },
    {
      "generation": 17,
      "bestReward": 1477.269066993762,
      "meanReward": 811.0223969209685,
      "eliteMeanReward": 1284.2413139679188
    },
    {
      "generation": 18,
      "bestReward": 1249.5806201824307,
      "meanReward": 677.8186346407927,
      "eliteMeanReward": 1159.4109134490704
    },
    {
      "generation": 19,
      "bestReward": 1369.422446901326,
      "meanReward": 844.2314242171644,
      "eliteMeanReward": 1232.8458914184482
    },
    {
      "generation": 20,
      "bestReward": 1451.3228840956747,
      "meanReward": 876.3155826121753,
      "eliteMeanReward": 1216.536836739488
    },
    {
      "generation": 21,
      "bestReward": 1216.0378596128767,
      "meanReward": 856.2379161127589,
      "eliteMeanReward": 1191.1600139008362
    },
    {
      "generation": 22,
      "bestReward": 1307.2229102109732,
      "meanReward": 913.9418474985732,
      "eliteMeanReward": 1253.2547770117094
    },
    {
      "generation": 23,
      "bestReward": 1382.455350561736,
      "meanReward": 803.3871013348227,
      "eliteMeanReward": 1242.8304305746399
    },
    {
      "generation": 24,
      "bestReward": 1253.7633333333904,
      "meanReward": 869.204169357452,
      "eliteMeanReward": 1210.7789991951965
    },
    {
      "generation": 25,
      "bestReward": 1277.4408063781386,
      "meanReward": 772.4198603163697,
      "eliteMeanReward": 1207.7858386306366
    },
    {
      "generation": 26,
      "bestReward": 1381.9286258307209,
      "meanReward": 885.8605313059406,
      "eliteMeanReward": 1299.698420169699
    },
    {
      "generation": 27,
      "bestReward": 1434.8805910076283,
      "meanReward": 801.7119248933648,
      "eliteMeanReward": 1246.0448029849001
    },
    {
      "generation": 28,
      "bestReward": 1458.50522835359,
      "meanReward": 621.9609799232495,