{
  "generation": 20,
  "mu": [
    0.1924077138329323,
    -0.019530616779760392,
    -0.08527938424550854,
    -0.004165556327404357,
    0.05597005193894873,
    -0.010676499770225998,
    0.15680342139063172,
    -0.05788964006632352,
    -0.06625344495560956,
    0.13213220167242676,
    -0.019685595793595398,
    -0.09367037925011444,
    -0.05222103012059409,
    0.02398721470306204,
    0.02590235954331052,
    0.028790604461080383,
    -0.006296609826581206,
    0.08302180882078315,
    0.3396688756065026,
    0.0872834117157714,
    -0.05409237849337356,
    -0.022465299821288594,
    -0.04305181759649934,
    -0.08233272584076282,
    0.050414559236773515,
    -0.1794774240858174,
    -0.047911774428842625,
    0.012113682437771193,
    -0.12688012784438532,
    0.0014624358389779693,
    -0.0742984416238797,
    -0.07051463407569936,
    -0.11352411051448152,
    -0.0421632893403018,
    -0.1383512831412781,
    0.1765810270113358,
    -0.1156233197822979,
    -0.11622404601966359,
    -0.06716238215794587,
    -0.05431999952236298,
    0.021136836928733978,
    -0.11318165717159216,
    -0.15575513391829415,
    -0.06491386981219387,
    -0.062236310525016214,
    0.08221527764894651,
    -0.03320428429240696,
    -0.09222723819351282
  ],
  "sigma": [
    0.01,
    0.012669005685945553,
    0.013087921194052764,
    0.01,
    0.01,
    0.01,
    0.01,
    0.01,
    0.01,
    0.01,
    0.01,
    0.01,
    0.010622319548915642,
    0.012335769239528609,
    0.011373964149481228,
    0.01,
    0.015466537207125734,
    0.013106199937141754,
    0.013558173233270977,
    0.014711580835641766,
    0.010456832928212468,
    0.019581231125644128,
    0.015202791388067167,
    0.01,
    0.01,
    0.01,
    0.01,
    0.01081618083855613,
    0.014249128253605243,
    0.01,
    0.010862359289699253,
    0.01,
    0.01190746705055729,
    0.01,
    0.020549596316980338,
    0.01,
    0.010588512719210989,
    0.01,
    0.022017424850707797,
    0.01,
    0.01,
    0.01,
    0.010698338326819568,
    0.01,
    0.01,
    0.01,
    0.01,
    0.01
  ],
  "bestReward": 1518.472636390672,
  "bestWeights": [
    0.1916171541110792,
    -0.029181212384087656,
    -0.08421567472048345,
    -0.0022006606328988047,
    0.07323493532654399,
    -0.014809098476476174,
    0.16797095547460125,
    -0.057438083210589935,
    -0.054742868928116556,
    0.12231455277545365,
    0.0027404138784844897,
    -0.08970162926496274,
    -0.028992231742821128,
    0.14778262178079474,
    0.06535574927064014,
    0.019263965477677267,
    -0.009003081560340399,
    0.08592018103963857,
    0.2859127103680269,
    0.05680075623478586,
    -0.08072546062738369,
    -0.014787091234815291,
    -0.02883608238042519,
    -0.07163003164229095,
    0.09700517253378219,
    -0.20921382276983402,
    -0.05691167370418139,
    0.006023334608806295,
    -0.14474472165023164,
    -0.008010979327082543,
    -0.03528928103000359,
    -0.05944680144869421,
    -0.0815341506123019,
    -0.0471927488248049,
    -0.14986611573831798,
    0.16573560300670834,
    -0.06483929984268375,
    -0.11358320067846349,
    -0.06480132598006948,
    -0.06852374658552741,
    -0.013065582734182865,
    -0.10499595411431589,
    -0.04853902208391624,
    -0.0238801494768677,
    -0.03797417182973535,
    0.08793086097482018,
    -0.021647642144922444,
    -0.07284412804282445
  ],
  "history": [
    {
      "generation": 0,
      "bestReward": 777.039429459272,
      "meanReward": 330.5566081849398,
      "eliteMeanReward": 697.0200194364462
    },
    {
      "generation": 1,
      "bestReward": 907.078415257728,
      "meanReward": 293.0320700417884,
      "eliteMeanReward": 703.5987560289378
    },
    {
      "generation": 2,
      "bestReward": 1113.6324621821523,
      "meanReward": 416.7538670850292,
      "eliteMeanReward": 885.1835129384428
    },
    {
      "generation": 3,
      "bestReward": 1163.398484382073,
      "meanReward": 537.101685341557,
      "eliteMeanReward": 917.8768429771802
    },
    {
      "generation": 4,
      "bestReward": 1287.9074629897725,
      "meanReward": 575.2025141726061,
      "eliteMeanReward": 1071.8218797650923
    },
    {
      "generation": 5,
      "bestReward": 1199.7384161750438,
      "meanReward": 586.5940023698438,
      "eliteMeanReward": 986.3346232661659
    },
    {
      "generation": 6,
      "bestReward": 1128.3547916197365,
      "meanReward": 714.1345119114234,
      "eliteMeanReward": 1072.0645831865822
    },
    {
      "generation": 7,
      "bestReward": 1249.0402403630032,
      "meanReward": 977.9426752565014,
      "eliteMeanReward": 1206.3074123607344
    },
    {
      "generation": 8,
      "bestReward": 1518.472636390672,
      "meanReward": 915.1340554577182,
      "eliteMeanReward": 1295.1464537485112
    },
    {
      "generation": 9,
      "bestReward": 1277.2537216077785,
      "meanReward": 692.1991647148374,
      "eliteMeanReward": 1146.0185303840576
    },
    {
      "generation": 10,
      "bestReward": 1313.8931342804703,
      "meanReward": 977.9152176035747,
      "eliteMeanReward": 1234.7662407260577
    },
    {
      "generation": 11,
      "bestReward": 1289.2829896026574,
      "meanReward": 897.5353094632776,
      "eliteMeanReward": 1213.4681879860264
    },
    {
      "generation": 12,
      "bestReward": 1323.2222189959725,
      "meanReward": 820.4563752875181,
      "eliteMeanReward": 1150.648912139178
    },
    {
      "generation": 13,
      "bestReward": 1288.5306519578437,
      "meanReward": 1013.0327899751503,
      "eliteMeanReward": 1245.3660543216815
    },
    {
      "generation": 14,
      "bestReward": 1365.4354504179844,
      "meanReward": 821.5811153349572,
      "eliteMeanReward": 1158.278514699908
    },
    {
      "generation": 15,
      "bestReward": 1343.372357862824,
      "meanReward": 915.0694947117387,
      "eliteMeanReward": 1229.6603963348782
    },
    {
      "generation": 16,
      "bestReward": 1481.4951892259376,
      "meanReward": 1005.2489270612108,
      "eliteMeanReward": 1240.733248115719
    },
    {
      "generation": 17,
      "bestReward": 1477.269066993762,
      "meanReward": 811.0223969209685,
      "eliteMeanReward": 1284.2413139679188
    },
    {
      "generation": 18,
      "bestReward": 1249.5806201824307,
      "meanReward": 677.8186346407927,
      "eliteMeanReward": 1159.4109134490704
    },
    {
      "generation": 19,
      "bestReward": 1369.422446901326,
      "meanReward": 844.2314242171644,
      "eliteMeanReward": 1232.8458914184482
    }
  ]
}