{
  "generation": 40,
  "mu": [
    -0.016391384680216153,
    -0.07373415214473007,
    -0.0394913607831049,
    0.013893252050619897,
    -0.005763826085419746,
    0.08226271915076595,
    0.009714716176107077,
    0.01974751996937747,
    -0.022957097297080155,
    0.05980549984503434,
    -0.019096748157453287,
    0.03860314146243128,
    0.06626426241588482,
    -0.03813199444558812,
    0.17465519618789965,
    -0.1023300786743639,
    -0.04039425395741847,
    0.12395274127733713,
    0.11778054513389243,
    0.1572189343521598,
    0.08933005080180856,
    0.023603653390452332,
    -0.1705858926929925,
    -0.08357008719038499,
    0.015964397953078822,
    -0.12380948198554709,
    0.039482759619595506,
    0.015501160525382213,
    0.05172859226264011,
    0.09123578141323245,
    0.0017960491008620582,
    -0.027614904593069776,
    0.023130857579014695,
    0.016703252852213038,
    0.04753317953568379,
    0.022815041033333646,
    -0.15008515739558242,
    -0.0575548321679439,
    -0.13346776023464665,
    -0.08761188682800192,
    -0.035786289963740815,
    -0.03996641508963435,
    0.1181561129426875,
    0.007512217976168653,
    0.09479230198294541,
    -0.06602273230337874,
    0.0565583862518923,
    0.10549092183996003
  ],
  "sigma": [
    0.01,
    0.011510632353827413,
    0.01,
    0.01,
    0.01,
    0.01813738585838224,
    0.01,
    0.011040122272957384,
    0.010738094794838237,
    0.01,
    0.01061012377376749,
    0.01,
    0.01,
    0.01,
    0.01,
    0.014781222102934538,
    0.01,
    0.01,
    0.015757583492352994,
    0.01,
    0.01,
    0.01,
    0.01,
    0.01,
    0.01,
    0.011364052366358528,
    0.01,
    0.01,
    0.01,
    0.01,
    0.01,
    0.01,
    0.01,
    0.01,
    0.01,
    0.01,
    0.020039351886575945,
    0.014164805768802387,
    0.01,
    0.01,
    0.015916319426109597,
    0.01,
    0.01380988090979249,
    0.01,
    0.01,
    0.011357324700741718,
    0.01,
    0.01
  ],
  "bestReward": 77.1488988291766,
  "bestWeights": [
    0.0012605876922331533,
    -0.0027148996344748145,
    -0.017165218629512237,
    0.022042310524377964,
    -0.012930618355032421,
    0.05325535877508894,
    -0.02073141559866807,
    0.05855003231190136,
    0.011766316778851548,
    0.070427628972872,
    -0.04986185582805977,
    -0.007288612041415815,
    0.05466217703106144,
    -0.05478883059754018,
    0.16057580775308894,
    -0.16240816524799873,
    -0.08675497842538872,
    0.18792020130702475,
    0.1024017569121616,
    0.13230123098993096,
    -0.11144427656794123,
    0.009828511206595412,
    -0.09257487752899317,
    -0.08520864191267793,
    -0.034953571514634775,
    -0.11915881277924449,
    0.01474122099500801,
    0.027478566004143088,
    0.01582514864447508,
    0.07684782393794228,
    -0.1072119294859934,
    -0.01877849967409887,
    0.1417188699512575,
    -0.007107656697347107,
    0.030393080402720825,
    0.029852479386367467,
    -0.06386929782774564,
    -0.3184492096555197,
    -0.15981966384381596,
    -0.08001641154202328,
    -0.004987990743167924,
    0.010971980755164793,
    0.06772181576229448,
    0.05709374187702944,
    0.07172277215707329,
    -0.06995130799521994,
    0.10873703865107351,
    0.11508388146035477
  ],
  "history": [
    {
      "generation": 0,
      "bestReward": 37.20537964307118,
      "meanReward": -164.25904769743593,
      "eliteMeanReward": -55.0528752231897
    },
    {
      "generation": 1,
      "bestReward": -24.92651485024923,
      "meanReward": -185.27534678416964,
      "eliteMeanReward": -41.05749223554247
    },
    {
      "generation": 2,
      "bestReward": 24.42798355917772,
      "meanReward": -143.04720305328223,
      "eliteMeanReward": -16.471240690527857
    },
    {
      "generation": 3,
      "bestReward": 22.896666666667656,
      "meanReward": -76.12848077398647,
      "eliteMeanReward": -16.73963204832825
    },
    {
      "generation": 4,
      "bestReward": -23.486830148795754,
      "meanReward": -82.37757634318942,
      "eliteMeanReward": -43.691355351213105
    },
    {
      "generation": 5,
      "bestReward": 77.1488988291766,
      "meanReward": -56.413938103208125,
      "eliteMeanReward": 3.623222525798712
    },
    {
      "generation": 6,
      "bestReward": -25.15846444635088,
      "meanReward": -72.15949037577916,
      "eliteMeanReward": -30.325378499564863
    },
    {
      "generation": 7,
      "bestReward": 72.59500000000013,
      "meanReward": -78.42025270746646,
      "eliteMeanReward": -24.199082333526228
    },
    {
      "generation": 8,
      "bestReward": -25.928196818368466,
      "meanReward": -73.2187069656161,
      "eliteMeanReward": -56.306306030340195
    },
    {
      "generation": 9,
      "bestReward": 74.03239654024324,
      "meanReward": -54.18526773805479,
      "eliteMeanReward": 4.209095090984691
    },
    {
      "generation": 10,
      "bestReward": 23.896666666667343,
      "meanReward": -60.75161500900066,
      "eliteMeanReward": -7.4623333333332
    },
    {
      "generation": 11,
      "bestReward": 24.072031172830748,
      "meanReward": -50.236170238299515,
      "eliteMeanReward": 3.432406234565576
    },
    {
      "generation": 12,
      "bestReward": 25.89666666666521,
      "meanReward": -60.17938921952041,
      "eliteMeanReward": -15.487405541436397
    },
    {
      "generation": 13,
      "bestReward": -26.012078522356497,
      "meanReward": -67.70209586803756,
      "eliteMeanReward": -34.78374903780439
    },
    {
      "generation": 14,
      "bestReward": 25.671269652202326,
      "meanReward": -67.71686334957342,
      "eliteMeanReward": -23.702918141032498
    },
    {
      "generation": 15,
      "bestReward": -26.56430202695257,
      "meanReward": -66.16434732152757,
      "eliteMeanReward": -27.821119143565177
    },
    {
      "generation": 16,
      "bestReward": 23.644132887491594,
      "meanReward": -64.47718296024013,
      "eliteMeanReward": -16.239313209511987
    },
    {
      "generation": 17,
      "bestReward": 24.672124552504556,
      "meanReward": -58.09440266646758,
      "eliteMeanReward": 4.4780558770834755
    },
    {
      "generation": 18,
      "bestReward": 22.496666666666414,
      "meanReward": -63.3741599641296,
      "eliteMeanReward": -17.126672938265564
    },
    {
      "generation": 19,
      "bestReward": -27.099754890259234,
      "meanReward": -68.93771978742328,
      "eliteMeanReward": -37.70365047572716
    },
    {
      "generation": 20,
      "bestReward": 23.896666666667613,
      "meanReward": -68.04582752053759,
      "eliteMeanReward": -36.709275965622325
    },
    {
      "generation": 21,
      "bestReward": -26.80166666666665,
      "meanReward": -76.11828158120008,
      "eliteMeanReward": -67.58583904175626
    },
    {
      "generation": 22,
      "bestReward": 73.78723395474933,
      "meanReward": -66.06681839579576,
      "eliteMeanReward": -27.167273583183125
    },
    {
      "generation": 23,
      "bestReward": -26.868299540249673,
      "meanReward": -73.3224549827491,
      "eliteMeanReward": -56.1249842687988
    },
    {
      "generation": 24,
      "bestReward": -27.429433270012908,
      "meanReward": -84.90763343720721,
      "eliteMeanReward": -37.72681226587882
    },
    {
      "generation": 25,
      "bestReward": 75.26967214573841,
      "meanReward": -62.0225729923563,
      "eliteMeanReward": -7.452174742774025
    },
    {
      "generation": 26,
      "bestReward": -26.463482341896974,
      "meanReward": -68.47058366555882,
      "eliteMeanReward": -37.24219833810101
    },
    {
      "generation": 27,
      "bestReward": 22.896666666666967,
      "meanReward": -63.47448876373763,
      "eliteMeanReward": -17.29108994113424
    },
    {
      "generation": 28,
      "bestReward": -27.70166666666663,
      "meanReward": -71.85471012431177,
      "eliteMeanReward": -51.67906902824798
    },
    {
      "generation": 29,