{
  "generation": 10,
  "mu": [
    -0.061918152167181786,
    -0.006225605265732735,
    -0.0454372364363516,
    0.019497193747527126,
    -0.011213543096972886,
    0.06936281227477765,
    -0.025758215707307196,
    0.027657549362907225,
    -0.0019376693693630687,
    0.08511297965969367,
    -0.026464055552607234,
    0.018361139295150732,
    0.0626640276589916,
    -0.02533305590654362,
    0.16058593100822277,
    -0.08932165382440108,
    -0.08839103210108881,
    0.15719392020325557,
    0.09756050940701547,
    0.15238884059716087,
    0.09155008319599053,
    -0.004061755298333155,
    -0.1273497825920888,
    -0.07882364270448561,
    0.008016684450857781,
    -0.12453893341301754,
    0.042679771221194485,
    -0.0006951101035868023,
    0.05017693938100345,
    0.03394849093142148,
    -0.03889016478261929,
    -0.028054988616559175,
    0.07737305452343962,
    0.010124647518536752,
    0.03169947942390185,
    0.026511163738047332,
    -0.13784078423472587,
    -0.05375318756837212,
    -0.11723732421055248,
    -0.09116153032144375,
    -0.0015145467149098365,
    -0.006640128471597362,
    0.06502030213221323,
    0.04082817035187886,
    0.06004239553581383,
    -0.07380930098077196,
    0.08777687260196292,
    0.12753862900027568
  ],
  "sigma": [
    0.01,
    0.011803270398961643,
    0.01,
    0.015096977950325522,
    0.02479597897941551,
    0.01,
    0.010666245987636823,
    0.03229435119893207,
    0.01,
    0.01,
    0.01,
    0.012187743890477247,
    0.01,
    0.01,
    0.012656591692229794,
    0.01416382243040538,
    0.01,
    0.010674916580642782,
    0.01,
    0.026553704096219134,
    0.06643885166114848,
    0.016745361394082444,
    0.05853896664664778,
    0.012399210928945546,
    0.013877667304157376,
    0.021132791919603704,
    0.023980544977613965,
    0.01,
    0.011950963258587605,
    0.05436225063067287,
    0.12552080951849456,
    0.01,
    0.024059573755316227,
    0.0351760373871413,
    0.01,
    0.012932170389065831,
    0.025201484111635832,
    0.114854058757677,
    0.01,
    0.01,
    0.01,
    0.014451863091096516,
    0.014979450483663078,
    0.01549268084883767,
    0.01,
    0.01,
    0.015364429255916813,
    0.014360471369613024
  ],
  "bestReward": 77.1488988291766,
  "bestWeights": [
    0.0012605876922331533,
    -0.0027148996344748145,
    -0.017165218629512237,
    0.022042310524377964,
    -0.012930618355032421,
    0.05325535877508894,
    -0.02073141559866807,
    0.05855003231190136,
    0.011766316778851548,
    0.070427628972872,
    -0.04986185582805977,
    -0.007288612041415815,
    0.05466217703106144,
    -0.05478883059754018,
    0.16057580775308894,
    -0.16240816524799873,
    -0.08675497842538872,
    0.18792020130702475,
    0.1024017569121616,
    0.13230123098993096,
    -0.11144427656794123,
    0.009828511206595412,
    -0.09257487752899317,
    -0.08520864191267793,
    -0.034953571514634775,
    -0.11915881277924449,
    0.01474122099500801,
    0.027478566004143088,
    0.01582514864447508,
    0.07684782393794228,
    -0.1072119294859934,
    -0.01877849967409887,
    0.1417188699512575,
    -0.007107656697347107,
    0.030393080402720825,
    0.029852479386367467,
    -0.06386929782774564,
    -0.3184492096555197,
    -0.15981966384381596,
    -0.08001641154202328,
    -0.004987990743167924,
    0.010971980755164793,
    0.06772181576229448,
    0.05709374187702944,
    0.07172277215707329,
    -0.06995130799521994,
    0.10873703865107351,
    0.11508388146035477
  ],
  "history": [
    {
      "generation": 0,
      "bestReward": 37.20537964307118,
      "meanReward": -164.25904769743593,
      "eliteMeanReward": -55.0528752231897
    },
    {
      "generation": 1,
      "bestReward": -24.92651485024923,
      "meanReward": -185.27534678416964,
      "eliteMeanReward": -41.05749223554247
    },
    {
      "generation": 2,
      "bestReward": 24.42798355917772,
      "meanReward": -143.04720305328223,
      "eliteMeanReward": -16.471240690527857
    },
    {
      "generation": 3,
      "bestReward": 22.896666666667656,
      "meanReward": -76.12848077398647,
      "eliteMeanReward": -16.73963204832825
    },
    {
      "generation": 4,
      "bestReward": -23.486830148795754,
      "meanReward": -82.37757634318942,
      "eliteMeanReward": -43.691355351213105
    },
    {
      "generation": 5,
      "bestReward": 77.1488988291766,
      "meanReward": -56.413938103208125,
      "eliteMeanReward": 3.623222525798712
    },
    {
      "generation": 6,
      "bestReward": -25.15846444635088,
      "meanReward": -72.15949037577916,
      "eliteMeanReward": -30.325378499564863
    },
    {
      "generation": 7,
      "bestReward": 72.59500000000013,
      "meanReward": -78.42025270746646,
      "eliteMeanReward": -24.199082333526228
    },
    {
      "generation": 8,
      "bestReward": -25.928196818368466,
      "meanReward": -73.2187069656161,
      "eliteMeanReward": -56.306306030340195
    },
    {
      "generation": 9,
      "bestReward": 74.03239654024324,
      "meanReward": -54.18526773805479,
      "eliteMeanReward": 4.209095090984691
    }
  ]
}