{
  "generation": 30,
  "mu": [
    -0.0745472506486647,
    -0.0529124070227995,
    -0.05908563844474864,
    0.0067183956085103014,
    -0.02232191572908338,
    0.08791765440191532,
    -0.011141358935894963,
    0.02013931360247668,
    -0.014686455236471423,
    0.06623864933236759,
    -0.0299915007745817,
    0.032786153903310605,
    0.058355866859138315,
    -0.028351428060953567,
    0.16704099016696686,
    -0.09669613784836406,
    -0.11421715266940029,
    0.13028967998749078,
    0.11809304921779473,
    0.15554482738915723,
    0.05711414749306558,
    -0.005409370701021575,
    -0.16104380696512705,
    -0.07494625279497806,
    0.016618024278347597,
    -0.13664442649556535,
    0.026818393320537575,
    0.01276883555472296,
    0.06894340434725361,
    0.09088876221852728,
    -0.02312895865111201,
    -0.012884916291206508,
    0.017675807810119442,
    0.021619274465972966,
    0.04014840492508908,
    0.017920807217640562,
    -0.14876390107641035,
    -0.0654467874548963,
    -0.1269822439866522,
    -0.08784010701156766,
    -0.02096789204288871,
    -0.03431567094458555,
    0.12590426440030011,
    0.008964330322263334,
    0.11647210542855704,
    -0.06909380322483001,
    0.06947013750005297,
    0.12321614597253035
  ],
  "sigma": [
    0.01,
    0.01,
    0.01,
    0.010353957725911767,
    0.01,
    0.01006112669379765,
    0.01,
    0.01,
    0.01,
    0.014076878397883512,
    0.01,
    0.01,
    0.01,
    0.010709342255211203,
    0.01,
    0.013712747837515317,
    0.01,
    0.01,
    0.016000772620065714,
    0.01,
    0.01,
    0.01,
    0.01,
    0.013067671556829898,
    0.01,
    0.01,
    0.01,
    0.01,
    0.018194348654509376,
    0.01,
    0.019907701424312908,
    0.01221815249563583,
    0.012378946201696375,
    0.020768987627208215,
    0.01,
    0.01,
    0.013010087674894833,
    0.01,
    0.01,
    0.01520703551170869,
    0.010774942819604897,
    0.01,
    0.01,
    0.01,
    0.01,
    0.01,
    0.01380260094469682,
    0.01
  ],
  "bestReward": 77.1488988291766,
  "bestWeights": [
    0.0012605876922331533,
    -0.0027148996344748145,
    -0.017165218629512237,
    0.022042310524377964,
    -0.012930618355032421,
    0.05325535877508894,
    -0.02073141559866807,
    0.05855003231190136,
    0.011766316778851548,
    0.070427628972872,
    -0.04986185582805977,
    -0.007288612041415815,
    0.05466217703106144,
    -0.05478883059754018,
    0.16057580775308894,
    -0.16240816524799873,
    -0.08675497842538872,
    0.18792020130702475,
    0.1024017569121616,
    0.13230123098993096,
    -0.11144427656794123,
    0.009828511206595412,
    -0.09257487752899317,
    -0.08520864191267793,
    -0.034953571514634775,
    -0.11915881277924449,
    0.01474122099500801,
    0.027478566004143088,
    0.01582514864447508,
    0.07684782393794228,
    -0.1072119294859934,
    -0.01877849967409887,
    0.1417188699512575,
    -0.007107656697347107,
    0.030393080402720825,
    0.029852479386367467,
    -0.06386929782774564,
    -0.3184492096555197,
    -0.15981966384381596,
    -0.08001641154202328,
    -0.004987990743167924,
    0.010971980755164793,
    0.06772181576229448,
    0.05709374187702944,
    0.07172277215707329,
    -0.06995130799521994,
    0.10873703865107351,
    0.11508388146035477
  ],
  "history": [
    {
      "generation": 0,
      "bestReward": 37.20537964307118,
      "meanReward": -164.25904769743593,
      "eliteMeanReward": -55.0528752231897
    },
    {
      "generation": 1,
      "bestReward": -24.92651485024923,
      "meanReward": -185.27534678416964,
      "eliteMeanReward": -41.05749223554247
    },
    {
      "generation": 2,
      "bestReward": 24.42798355917772,
      "meanReward": -143.04720305328223,
      "eliteMeanReward": -16.471240690527857
    },
    {
      "generation": 3,
      "bestReward": 22.896666666667656,
      "meanReward": -76.12848077398647,
      "eliteMeanReward": -16.73963204832825
    },
    {
      "generation": 4,
      "bestReward": -23.486830148795754,
      "meanReward": -82.37757634318942,
      "eliteMeanReward": -43.691355351213105
    },
    {
      "generation": 5,
      "bestReward": 77.1488988291766,
      "meanReward": -56.413938103208125,
      "eliteMeanReward": 3.623222525798712
    },
    {
      "generation": 6,
      "bestReward": -25.15846444635088,
      "meanReward": -72.15949037577916,
      "eliteMeanReward": -30.325378499564863
    },
    {
      "generation": 7,
      "bestReward": 72.59500000000013,
      "meanReward": -78.42025270746646,
      "eliteMeanReward": -24.199082333526228
    },
    {
      "generation": 8,
      "bestReward": -25.928196818368466,
      "meanReward": -73.2187069656161,
      "eliteMeanReward": -56.306306030340195
    },
    {
      "generation": 9,
      "bestReward": 74.03239654024324,
      "meanReward": -54.18526773805479,
      "eliteMeanReward": 4.209095090984691
    },
    {
      "generation": 10,
      "bestReward": 23.896666666667343,
      "meanReward": -60.75161500900066,
      "eliteMeanReward": -7.4623333333332
    },
    {
      "generation": 11,
      "bestReward": 24.072031172830748,
      "meanReward": -50.236170238299515,
      "eliteMeanReward": 3.432406234565576
    },
    {
      "generation": 12,
      "bestReward": 25.89666666666521,
      "meanReward": -60.17938921952041,
      "eliteMeanReward": -15.487405541436397
    },
    {
      "generation": 13,
      "bestReward": -26.012078522356497,
      "meanReward": -67.70209586803756,
      "eliteMeanReward": -34.78374903780439
    },
    {
      "generation": 14,
      "bestReward": 25.671269652202326,
      "meanReward": -67.71686334957342,
      "eliteMeanReward": -23.702918141032498
    },
    {
      "generation": 15,
      "bestReward": -26.56430202695257,
      "meanReward": -66.16434732152757,
      "eliteMeanReward": -27.821119143565177
    },
    {
      "generation": 16,
      "bestReward": 23.644132887491594,
      "meanReward": -64.47718296024013,
      "eliteMeanReward": -16.239313209511987
    },
    {
      "generation": 17,
      "bestReward": 24.672124552504556,
      "meanReward": -58.09440266646758,
      "eliteMeanReward": 4.4780558770834755
    },
    {
      "generation": 18,
      "bestReward": 22.496666666666414,
      "meanReward": -63.3741599641296,
      "eliteMeanReward": -17.126672938265564
    },
    {
      "generation": 19,
      "bestReward": -27.099754890259234,
      "meanReward": -68.93771978742328,
      "eliteMeanReward": -37.70365047572716
    },
    {
      "generation": 20,
      "bestReward": 23.896666666667613,
      "meanReward": -68.04582752053759,
      "eliteMeanReward": -36.709275965622325
    },
    {
      "generation": 21,
      "bestReward": -26.80166666666665,
      "meanReward": -76.11828158120008,
      "eliteMeanReward": -67.58583904175626
    },
    {
      "generation": 22,
      "bestReward": 73.78723395474933,
      "meanReward": -66.06681839579576,
      "eliteMeanReward": -27.167273583183125
    },
    {
      "generation": 23,
      "bestReward": -26.868299540249673,
      "meanReward": -73.3224549827491,
      "eliteMeanReward": -56.1249842687988
    },
    {
      "generation": 24,
      "bestReward": -27.429433270012908,
      "meanReward": -84.90763343720721,
      "eliteMeanReward": -37.72681226587882
    },
    {
      "generation": 25,
      "bestReward": 75.26967214573841,
      "meanReward": -62.0225729923563,
      "eliteMeanReward": -7.452174742774025
    },
    {
      "generation": 26,
      "bestReward": -26.463482341896974,
      "meanReward": -68.47058366555882,
      "eliteMeanReward": -37.24219833810101
    },
    {
      "generation": 27,
      "bestReward": 22.896666666666967,
      "meanReward": -63.47448876373763,
      "eliteMeanReward": -17.29108994113424
    },
    {
      "generation": 28,
      "bestReward": -27.70166666666663,
      "meanReward": -71.85471012431177,