{
  "generation": 20,
  "mu": [
    -0.07572124389292423,
    -0.04499756383277228,
    -0.05015691303696769,
    -0.0016262992858271173,
    -0.012591820515433472,
    0.08274420378673732,
    -0.03072796423898541,
    0.01595716459404382,
    -0.008140633735108116,
    0.037768473792820015,
    -0.01830445014985603,
    0.02907963137921994,
    0.050303241209861724,
    -0.034542204293388036,
    0.17492340066820145,
    -0.10457097991233721,
    -0.11562232741163359,
    0.15323657652988537,
    0.1059334512661029,
    0.1815325218929411,
    0.05167359137070517,
    -0.007805727086086248,
    -0.14634802602945926,
    -0.07674909159716223,
    0.025114533225049508,
    -0.14831474653693674,
    0.0256563604089605,
    -0.0005455861134239593,
    0.058141480005646826,
    0.07261629567797889,
    -0.03395341230569472,
    0.016871824302155256,
    0.03650666349688069,
    0.024513398945672067,
    0.037848653604726404,
    0.02758548968330493,
    -0.12200642978554258,
    -0.08100570286741463,
    -0.11848055633710278,
    -0.11244223027584284,
    -0.014225704687733029,
    -0.050744236210738,
    0.09328294239270937,
    0.02946846065258051,
    0.08520134168466849,
    -0.07336056757202894,
    0.0735977763226604,
    0.11277106945057644
  ],
  "sigma": [
    0.01,
    0.01,
    0.013291070220959138,
    0.01173009983984175,
    0.01,
    0.01,
    0.016397501298324135,
    0.01,
    0.01,
    0.01,
    0.01,
    0.010103598165110009,
    0.014668189936165891,
    0.015345037536818693,
    0.01,
    0.010620089761334462,
    0.01,
    0.01,
    0.01,
    0.01,
    0.03105756685317751,
    0.01,
    0.018284627354821732,
    0.015011728139156692,
    0.010794742532705832,
    0.01,
    0.01,
    0.01,
    0.01,
    0.010854072936036165,
    0.01,
    0.01,
    0.01,
    0.010967386022659852,
    0.01,
    0.01,
    0.026595288002154705,
    0.010086606462269217,
    0.012402505100283187,
    0.01,
    0.010036429242683432,
    0.01,
    0.01,
    0.01,
    0.01397569102607952,
    0.01,
    0.01,
    0.014289001106667951
  ],
  "bestReward": 77.1488988291766,
  "bestWeights": [
    0.0012605876922331533,
    -0.0027148996344748145,
    -0.017165218629512237,
    0.022042310524377964,
    -0.012930618355032421,
    0.05325535877508894,
    -0.02073141559866807,
    0.05855003231190136,
    0.011766316778851548,
    0.070427628972872,
    -0.04986185582805977,
    -0.007288612041415815,
    0.05466217703106144,
    -0.05478883059754018,
    0.16057580775308894,
    -0.16240816524799873,
    -0.08675497842538872,
    0.18792020130702475,
    0.1024017569121616,
    0.13230123098993096,
    -0.11144427656794123,
    0.009828511206595412,
    -0.09257487752899317,
    -0.08520864191267793,
    -0.034953571514634775,
    -0.11915881277924449,
    0.01474122099500801,
    0.027478566004143088,
    0.01582514864447508,
    0.07684782393794228,
    -0.1072119294859934,
    -0.01877849967409887,
    0.1417188699512575,
    -0.007107656697347107,
    0.030393080402720825,
    0.029852479386367467,
    -0.06386929782774564,
    -0.3184492096555197,
    -0.15981966384381596,
    -0.08001641154202328,
    -0.004987990743167924,
    0.010971980755164793,
    0.06772181576229448,
    0.05709374187702944,
    0.07172277215707329,
    -0.06995130799521994,
    0.10873703865107351,
    0.11508388146035477
  ],
  "history": [
    {
      "generation": 0,
      "bestReward": 37.20537964307118,
      "meanReward": -164.25904769743593,
      "eliteMeanReward": -55.0528752231897
    },
    {
      "generation": 1,
      "bestReward": -24.92651485024923,
      "meanReward": -185.27534678416964,
      "eliteMeanReward": -41.05749223554247
    },
    {
      "generation": 2,
      "bestReward": 24.42798355917772,
      "meanReward": -143.04720305328223,
      "eliteMeanReward": -16.471240690527857
    },
    {
      "generation": 3,
      "bestReward": 22.896666666667656,
      "meanReward": -76.12848077398647,
      "eliteMeanReward": -16.73963204832825
    },
    {
      "generation": 4,
      "bestReward": -23.486830148795754,
      "meanReward": -82.37757634318942,
      "eliteMeanReward": -43.691355351213105
    },
    {
      "generation": 5,
      "bestReward": 77.1488988291766,
      "meanReward": -56.413938103208125,
      "eliteMeanReward": 3.623222525798712
    },
    {
      "generation": 6,
      "bestReward": -25.15846444635088,
      "meanReward": -72.15949037577916,
      "eliteMeanReward": -30.325378499564863
    },
    {
      "generation": 7,
      "bestReward": 72.59500000000013,
      "meanReward": -78.42025270746646,
      "eliteMeanReward": -24.199082333526228
    },
    {
      "generation": 8,
      "bestReward": -25.928196818368466,
      "meanReward": -73.2187069656161,
      "eliteMeanReward": -56.306306030340195
    },
    {
      "generation": 9,
      "bestReward": 74.03239654024324,
      "meanReward": -54.18526773805479,
      "eliteMeanReward": 4.209095090984691
    },
    {
      "generation": 10,
      "bestReward": 23.896666666667343,
      "meanReward": -60.75161500900066,
      "eliteMeanReward": -7.4623333333332
    },
    {
      "generation": 11,
      "bestReward": 24.072031172830748,
      "meanReward": -50.236170238299515,
      "eliteMeanReward": 3.432406234565576
    },
    {
      "generation": 12,
      "bestReward": 25.89666666666521,
      "meanReward": -60.17938921952041,
      "eliteMeanReward": -15.487405541436397
    },
    {
      "generation": 13,
      "bestReward": -26.012078522356497,
      "meanReward": -67.70209586803756,
      "eliteMeanReward": -34.78374903780439
    },
    {
      "generation": 14,
      "bestReward": 25.671269652202326,
      "meanReward": -67.71686334957342,
      "eliteMeanReward": -23.702918141032498
    },
    {
      "generation": 15,
      "bestReward": -26.56430202695257,
      "meanReward": -66.16434732152757,
      "eliteMeanReward": -27.821119143565177
    },
    {
      "generation": 16,
      "bestReward": 23.644132887491594,
      "meanReward": -64.47718296024013,
      "eliteMeanReward": -16.239313209511987
    },
    {
      "generation": 17,
      "bestReward": 24.672124552504556,
      "meanReward": -58.09440266646758,
      "eliteMeanReward": 4.4780558770834755
    },
    {
      "generation": 18,
      "bestReward": 22.496666666666414,
      "meanReward": -63.3741599641296,
      "eliteMeanReward": -17.126672938265564
    },
    {
      "generation": 19,
      "bestReward": -27.099754890259234,
      "meanReward": -68.93771978742328,
      "eliteMeanReward": -37.70365047572716
    }
  ]
}