{
  "generation": 10,
  "mu": [
    -0.02475820911762307,
    0.009211242905975813,
    0.13161514553225206,
    0.13448098134714156,
    0.06841278627180718,
    -0.026354282134709937,
    0.22060755897401735,
    -0.036393255498062806,
    -0.024808059838669398,
    0.011205110937282672,
    -0.004672234702234832,
    0.12773117064154768,
    -0.04425185696979668,
    0.02375981731652719,
    -0.04391017003706002,
    -0.04857490690160191,
    0.04665566503690731,
    0.03354378528595979,
    -0.024079218754287497,
    -0.1378036750744463,
    -0.05951193806731904,
    0.02393321567783936,
    0.04081284618509331,
    -0.033517086596647414,
    0.04294792883432523,
    0.026717020834539355,
    0.04259246804566892,
    0.05216759589701756,
    -0.016778930960703757,
    0.0044734378738631245,
    -0.0645725722776056,
    0.04825462877134358,
    -0.18757524304508172,
    -0.12399134054204648,
    -0.10448233733848275,
    -0.12757696126779952,
    -0.031987221354572375,
    0.08000522927163561,
    0.13275701472097204,
    -0.051099674283409814,
    -0.2325215156550183,
    0.030132105394447984,
    -0.026480773045774574,
    0.001271983983908696,
    -0.11100880876961898,
    -0.001915381620760667,
    0.023140893859065693,
    -0.13741945003401135
  ],
  "sigma": [
    0.015098875971969907,
    0.01,
    0.01,
    0.013192285015985518,
    0.01,
    0.016166482756623232,
    0.20713512929131414,
    0.01,
    0.011615747789848939,
    0.01,
    0.01102898772414474,
    0.029794799803795655,
    0.01,
    0.01694325613084853,
    0.01,
    0.028414855900622652,
    0.01,
    0.019294868925404787,
    0.01,
    0.01,
    0.01,
    0.013771159990202904,
    0.01,
    0.013653983686890378,
    0.01,
    0.024637893946971925,
    0.01,
    0.01,
    0.02281481120747797,
    0.01041190543527818,
    0.039210188472506714,
    0.01,
    0.01,
    0.02683716913323787,
    0.01,
    0.01,
    0.011948766363974742,
    0.013950712283740075,
    0.01,
    0.01599723643810379,
    0.017932373832544285,
    0.011345478689465283,
    0.01,
    0.01,
    0.011793715703884424,
    0.01,
    0.010531069779302417,
    0.01
  ],
  "bestReward": 52.431666666667816,
  "bestWeights": [
    -0.03315906622776408,
    -0.03204854046075524,
    0.2295687921461626,
    0.09607223987904684,
    0.06228834336026242,
    -0.05362190282785678,
    0.06883718871431489,
    -0.008021970585800613,
    0.0009512675642457183,
    -0.09642999983239685,
    -0.03539900115045099,
    0.10226381012644287,
    0.044765268295552954,
    0.06789922217411132,
    -0.06519870924453869,
    -0.00507016314937888,
    0.05137829129825635,
    0.14856940978557073,
    -0.03006297529587358,
    -0.10472490178389242,
    -0.08357476746038828,
    -0.014920409131343048,
    0.04818023359502275,
    -0.038345595253140054,
    0.04105327233103052,
    0.030501545505314247,
    0.045918985217143694,
    0.04095698155315201,
    -0.1609288628055139,
    0.008265024835881336,
    -0.031029556519826557,
    0.037774279296590135,
    -0.22362548397587145,
    -0.008175947210243922,
    -0.07778738087024521,
    -0.10610675051548807,
    -0.02093858474842283,
    0.07583486256875836,
    0.10814816313548785,
    -0.04107470292702858,
    -0.20613818125609726,
    0.02403960249346338,
    -0.04305190599564496,
    -0.017889285166794673,
    -0.0789634094796202,
    -0.03852297957640974,
    -0.03666275977287583,
    -0.1470051305911251
  ],
  "history": [
    {
      "generation": 0,
      "bestReward": 12.148333333334051,
      "meanReward": -124.05008333333417,
      "eliteMeanReward": -29.46033333333319
    },
    {
      "generation": 1,
      "bestReward": 10.898333333333483,
      "meanReward": -43.41008333333332,
      "eliteMeanReward": -29.5403333333333
    },
    {
      "generation": 2,
      "bestReward": 10.598333333333656,
      "meanReward": -50.03016666666658,
      "eliteMeanReward": -29.340333333333255
    },
    {
      "generation": 3,
      "bestReward": 10.248333333334035,
      "meanReward": -97.17350000000026,
      "eliteMeanReward": -29.220333333333183
    },
    {
      "generation": 4,
      "bestReward": 52.431666666667816,
      "meanReward": -98.58091666666645,
      "eliteMeanReward": -21.003666666666437
    },
    {
      "generation": 5,
      "bestReward": -38.59999999999996,
      "meanReward": -69.48249999999983,
      "eliteMeanReward": -39.009999999999984
    },
    {
      "generation": 6,
      "bestReward": -38.69999999999997,
      "meanReward": -110.13591666666723,
      "eliteMeanReward": -38.86999999999998
    },
    {
      "generation": 7,
      "bestReward": -38.74999999999997,
      "meanReward": -112.24249999999988,
      "eliteMeanReward": -38.90999999999998
    },
    {
      "generation": 8,
      "bestReward": -38.79999999999996,
      "meanReward": -96.17850000000003,
      "eliteMeanReward": -38.81999999999998
    },
    {
      "generation": 9,
      "bestReward": -38.59999999999996,
      "meanReward": -122.54683333333314,
      "eliteMeanReward": -38.74999999999996
    }
  ]
}