{
  "generation": 20,
  "mu": [
    -0.011971187816688291,
    -0.001186901318867668,
    0.13451191746690372,
    0.12397816011071305,
    0.07109774393398081,
    -0.02278452800104026,
    0.40006506800214475,
    -0.011133387938946717,
    -0.04186568765894524,
    -0.01397797614718289,
    -0.009974349257493225,
    0.12163445187889252,
    -0.06024976470626435,
    0.034718718163790165,
    -0.047742837089913046,
    -0.044715402833357946,
    0.06329815959425886,
    0.05971306795753852,
    -0.014909824950638712,
    -0.14533594144495393,
    -0.03380709382324135,
    0.02083771338069577,
    0.019492278991626175,
    -0.026392670731512764,
    0.07620204971507423,
    -0.006133919379864518,
    0.03203536650064585,
    0.03735446606763001,
    0.022155968227851944,
    -0.021293326376069795,
    -0.08839621947032819,
    0.027801572211598246,
    -0.18727417500653742,
    -0.1284827256591006,
    -0.11343272830155204,
    -0.1365961392979959,
    -0.04689343195627514,
    0.07404176697091394,
    0.1628333828328248,
    -0.07111578395563053,
    -0.22906512867317463,
    0.022376870701764723,
    -0.021021637088876916,
    -0.00606611470339633,
    -0.0810315552799727,
    0.0007709299132213608,
    0.03312462950841122,
    -0.13128266164646854
  ],
  "sigma": [
    0.012163892527112235,
    0.012129695068704524,
    0.01,
    0.01,
    0.01,
    0.01,
    0.014857640865513153,
    0.01,
    0.01,
    0.01621290315447571,
    0.01,
    0.01403451559636402,
    0.01,
    0.022593257485991863,
    0.01,
    0.028479299665027196,
    0.01,
    0.01,
    0.010212995298467406,
    0.01,
    0.011574404794041331,
    0.018345856923624893,
    0.01,
    0.01,
    0.01,
    0.011700031832568677,
    0.01356312348657312,
    0.01,
    0.01,
    0.016045641982806877,
    0.01,
    0.014195672557823863,
    0.01,
    0.011579662604500147,
    0.01134627375995486,
    0.01,
    0.01,
    0.01,
    0.01,
    0.01,
    0.01,
    0.01,
    0.01669031829612619,
    0.011119145801358128,
    0.01,
    0.011448041656926347,
    0.01,
    0.014064919323870077
  ],
  "bestReward": 52.58166666666795,
  "bestWeights": [
    -0.030197895793850047,
    0.025140170815591986,
    0.15015813296542524,
    0.12006714014168404,
    0.07615821558417528,
    -0.03798648100233125,
    0.5115067533479216,
    -0.06508479560205724,
    -0.03173123654163131,
    0.0020174351353088957,
    -0.008339990304138659,
    0.161647090399558,
    -0.04941680393114878,
    0.04037697740786005,
    -0.041083279390600747,
    -0.06488890247910255,
    0.05426005755824096,
    0.043027733786433285,
    0.0010859907824679917,
    -0.1377606603724993,
    -0.06001519968803722,
    0.022779610996788102,
    0.03125676104890916,
    -0.05439666151328599,
    0.04549327693288043,
    0.03153415148800527,
    0.036053649141729024,
    0.0444402519471874,
    0.009882493966110285,
    -0.005871888878419273,
    -0.09606657973287805,
    0.04198056274458503,
    -0.17466748881566657,
    -0.11481046734395658,
    -0.11392457288638269,
    -0.15501268579413333,
    -0.03771898154437912,
    0.0717770788097426,
    0.14143516002387266,
    -0.049013065379598084,
    -0.23368934108004896,
    0.0059568414501083855,
    -0.03832868018366597,
    -0.03018799725644545,
    -0.11348693092839116,
    -0.00889357351305595,
    0.002987459642695419,
    -0.1300362479222193
  ],
  "history": [
    {
      "generation": 0,
      "bestReward": 12.148333333334051,
      "meanReward": -124.05008333333417,
      "eliteMeanReward": -29.46033333333319
    },
    {
      "generation": 1,
      "bestReward": 10.898333333333483,
      "meanReward": -43.41008333333332,
      "eliteMeanReward": -29.5403333333333
    },
    {
      "generation": 2,
      "bestReward": 10.598333333333656,
      "meanReward": -50.03016666666658,
      "eliteMeanReward": -29.340333333333255
    },
    {
      "generation": 3,
      "bestReward": 10.248333333334035,
      "meanReward": -97.17350000000026,
      "eliteMeanReward": -29.220333333333183
    },
    {
      "generation": 4,
      "bestReward": 52.431666666667816,
      "meanReward": -98.58091666666645,
      "eliteMeanReward": -21.003666666666437
    },
    {
      "generation": 5,
      "bestReward": -38.59999999999996,
      "meanReward": -69.48249999999983,
      "eliteMeanReward": -39.009999999999984
    },
    {
      "generation": 6,
      "bestReward": -38.69999999999997,
      "meanReward": -110.13591666666723,
      "eliteMeanReward": -38.86999999999998
    },
    {
      "generation": 7,
      "bestReward": -38.74999999999997,
      "meanReward": -112.24249999999988,
      "eliteMeanReward": -38.90999999999998
    },
    {
      "generation": 8,
      "bestReward": -38.79999999999996,
      "meanReward": -96.17850000000003,
      "eliteMeanReward": -38.81999999999998
    },
    {
      "generation": 9,
      "bestReward": -38.59999999999996,
      "meanReward": -122.54683333333314,
      "eliteMeanReward": -38.74999999999996
    },
    {
      "generation": 10,
      "bestReward": -38.64999999999996,
      "meanReward": -103.38591666666632,
      "eliteMeanReward": -38.709999999999965
    },
    {
      "generation": 11,
      "bestReward": 52.58166666666795,
      "meanReward": -108.84116666666633,
      "eliteMeanReward": -20.51366666666639
    },
    {
      "generation": 12,
      "bestReward": -38.699999999999974,
      "meanReward": -53.53249999999989,
      "eliteMeanReward": -38.73999999999997
    },
    {
      "generation": 13,
      "bestReward": -38.64999999999997,
      "meanReward": -61.514999999999965,
      "eliteMeanReward": -38.71999999999997
    },
    {
      "generation": 14,
      "bestReward": -38.64999999999997,
      "meanReward": -124.81841666666631,
      "eliteMeanReward": -38.689999999999976
    },
    {
      "generation": 15,
      "bestReward": -22.218333333332307,
      "meanReward": -47.32683333333317,
      "eliteMeanReward": -35.43366666666644
    },
    {
      "generation": 16,
      "bestReward": -38.64999999999996,
      "meanReward": -112.94183333333362,
      "eliteMeanReward": -38.769999999999975
    },
    {
      "generation": 17,
      "bestReward": -38.54999999999996,
      "meanReward": -44.69249999999998,
      "eliteMeanReward": -38.66999999999997
    },
    {
      "generation": 18,
      "bestReward": -15.468333333332273,
      "meanReward": -44.29841666666657,
      "eliteMeanReward": -34.05366666666642
    },
    {
      "generation": 19,
      "bestReward": -36.41833333333256,
      "meanReward": -83.28091666666657,
      "eliteMeanReward": -38.20366666666648
    }
  ]
}