{
  "generation": 30,
  "mu": [
    -0.02733251235614177,
    0.008871067831329038,
    0.1304574476708918,
    0.10867671033130522,
    0.0595201614032444,
    -0.06749968420450639,
    0.42843518533726355,
    -0.00950895049458448,
    -0.03743918891064849,
    0.007086060915598521,
    -0.019648240568591914,
    0.12317266436488139,
    -0.04259891735136191,
    0.0230956529549676,
    -0.06729093793415344,
    -0.024479986094315693,
    0.06882330423392889,
    0.05896212139070491,
    -0.024928146213338654,
    -0.16179366982574014,
    -0.023543315187503622,
    0.015271356877432859,
    0.003495358923857328,
    -0.0261043892463755,
    0.07734832669656906,
    -0.004368538836451083,
    0.009706697131021546,
    0.05319305415664494,
    0.018678149995059186,
    -0.0024125172990813893,
    -0.07989612882745153,
    0.014647673101751722,
    -0.19359996783495606,
    -0.10828738350560493,
    -0.1148627289307983,
    -0.13292728369088133,
    -0.047805669909071306,
    0.0837457267840023,
    0.1443729084292358,
    -0.07738585250367322,
    -0.2180567776182678,
    0.0509541540856284,
    -0.0067289438321155234,
    0.0017779906960791244,
    -0.062215629717082596,
    -0.016359159510721404,
    0.0064912959831371535,
    -0.10346965826816641
  ],
  "sigma": [
    0.01,
    0.01,
    0.01,
    0.01,
    0.01,
    0.010538203987998662,
    0.027420918893135967,
    0.01,
    0.01,
    0.01,
    0.01,
    0.01,
    0.01,
    0.01,
    0.016258235261900886,
    0.01,
    0.01,
    0.01,
    0.012098704550375674,
    0.012555268602917473,
    0.01,
    0.02439435095454418,
    0.018218550415762563,
    0.01085435694256898,
    0.01,
    0.01,
    0.011904253919570422,
    0.012989559349230656,
    0.013237040622135602,
    0.015658961614898114,
    0.01,
    0.01,
    0.01,
    0.010561006793604498,
    0.010724439751530847,
    0.01,
    0.01396128164056938,
    0.01,
    0.01,
    0.020055179884237568,
    0.01,
    0.01,
    0.01,
    0.01,
    0.02379758440638943,
    0.014037081277851271,
    0.01,
    0.01
  ],
  "bestReward": 52.68166666666794,
  "bestWeights": [
    -0.008330968780863738,
    0.0014132136351968153,
    0.11915285240722351,
    0.10907920837865745,
    0.046744755354245424,
    -0.08481503153051412,
    0.4199528156168534,
    -0.011703041951189212,
    -0.047628287503134116,
    0.025015342293829644,
    -0.015558245270612935,
    0.10929334494053886,
    -0.04377261272681761,
    0.023628675057851416,
    -0.08010800309743957,
    -0.030126621734320135,
    0.052543272243667574,
    0.05386628577887917,
    -0.011747055285667999,
    -0.1487938356465411,
    -0.05499984377572806,
    -0.05563775035240636,
    0.019301663138240964,
    -0.019311346859815705,
    0.09268938227066846,
    -0.03202055181582798,
    0.025146455061766673,
    0.05178315002197948,
    0.023802877321740974,
    0.004110075441500227,
    -0.08355214189215004,
    0.016126099075709846,
    -0.2011732788026827,
    -0.13997201855501465,
    -0.08678952019300343,
    -0.1296871249891118,
    -0.03982795539652447,
    0.07847205690565276,
    0.16156969794412596,
    -0.05614788611500592,
    -0.23268357350769817,
    0.0264918855723648,
    -0.025691310827770278,
    -0.024359991954224267,
    -0.0718039835952662,
    0.010313490655251419,
    0.05459330233195839,
    -0.13497064277758708
  ],
  "history": [
    {
      "generation": 0,
      "bestReward": 12.148333333334051,
      "meanReward": -124.05008333333417,
      "eliteMeanReward": -29.46033333333319
    },
    {
      "generation": 1,
      "bestReward": 10.898333333333483,
      "meanReward": -43.41008333333332,
      "eliteMeanReward": -29.5403333333333
    },
    {
      "generation": 2,
      "bestReward": 10.598333333333656,
      "meanReward": -50.03016666666658,
      "eliteMeanReward": -29.340333333333255
    },
    {
      "generation": 3,
      "bestReward": 10.248333333334035,
      "meanReward": -97.17350000000026,
      "eliteMeanReward": -29.220333333333183
    },
    {
      "generation": 4,
      "bestReward": 52.431666666667816,
      "meanReward": -98.58091666666645,
      "eliteMeanReward": -21.003666666666437
    },
    {
      "generation": 5,
      "bestReward": -38.59999999999996,
      "meanReward": -69.48249999999983,
      "eliteMeanReward": -39.009999999999984
    },
    {
      "generation": 6,
      "bestReward": -38.69999999999997,
      "meanReward": -110.13591666666723,
      "eliteMeanReward": -38.86999999999998
    },
    {
      "generation": 7,
      "bestReward": -38.74999999999997,
      "meanReward": -112.24249999999988,
      "eliteMeanReward": -38.90999999999998
    },
    {
      "generation": 8,
      "bestReward": -38.79999999999996,
      "meanReward": -96.17850000000003,
      "eliteMeanReward": -38.81999999999998
    },
    {
      "generation": 9,
      "bestReward": -38.59999999999996,
      "meanReward": -122.54683333333314,
      "eliteMeanReward": -38.74999999999996
    },
    {
      "generation": 10,
      "bestReward": -38.64999999999996,
      "meanReward": -103.38591666666632,
      "eliteMeanReward": -38.709999999999965
    },
    {
      "generation": 11,
      "bestReward": 52.58166666666795,
      "meanReward": -108.84116666666633,
      "eliteMeanReward": -20.51366666666639
    },
    {
      "generation": 12,
      "bestReward": -38.699999999999974,
      "meanReward": -53.53249999999989,
      "eliteMeanReward": -38.73999999999997
    },
    {
      "generation": 13,
      "bestReward": -38.64999999999997,
      "meanReward": -61.514999999999965,
      "eliteMeanReward": -38.71999999999997
    },
    {
      "generation": 14,
      "bestReward": -38.64999999999997,
      "meanReward": -124.81841666666631,
      "eliteMeanReward": -38.689999999999976
    },
    {
      "generation": 15,
      "bestReward": -22.218333333332307,
      "meanReward": -47.32683333333317,
      "eliteMeanReward": -35.43366666666644
    },
    {
      "generation": 16,
      "bestReward": -38.64999999999996,
      "meanReward": -112.94183333333362,
      "eliteMeanReward": -38.769999999999975
    },
    {
      "generation": 17,
      "bestReward": -38.54999999999996,
      "meanReward": -44.69249999999998,
      "eliteMeanReward": -38.66999999999997
    },
    {
      "generation": 18,
      "bestReward": -15.468333333332273,
      "meanReward": -44.29841666666657,
      "eliteMeanReward": -34.05366666666642
    },
    {
      "generation": 19,
      "bestReward": -36.41833333333256,
      "meanReward": -83.28091666666657,
      "eliteMeanReward": -38.20366666666648
    },
    {
      "generation": 20,
      "bestReward": 52.6316666666673,
      "meanReward": -69.8286666666664,
      "eliteMeanReward": -3.2073333333329375
    },
    {
      "generation": 21,
      "bestReward": -38.549999999999955,
      "meanReward": -106.73841666666662,
      "eliteMeanReward": -38.59999999999995
    },
    {
      "generation": 22,
      "bestReward": 52.18166666666743,
      "meanReward": -49.74433333333319,
      "eliteMeanReward": -20.47366666666648
    },
    {
      "generation": 23,
      "bestReward": 52.48166666666801,
      "meanReward": -70.2909166666665,
      "eliteMeanReward": -20.413666666666366
    },
    {
      "generation": 24,
      "bestReward": 52.68166666666794,
      "meanReward": -50.850333333333126,
      "eliteMeanReward": 0.9986666666672732
    },
    {
      "generation": 25,
      "bestReward": -38.59999999999995,
      "meanReward": -39.337499999999984,
      "eliteMeanReward": -38.679999999999964
    },
    {
      "generation": 26,
      "bestReward": 52.58166666666723,
      "meanReward": -79.47525000000037,
      "eliteMeanReward": -20.45366666666652
    },
    {
      "generation": 27,
      "bestReward": 52.33166666666794,
      "meanReward": -54.918416666666474,
      "eliteMeanReward": -20.483666666666387
    },
    {
      "generation": 28,
      "bestReward": -38.59999999999995,
      "meanReward": -75.48366666666645,