{
  "generation": 50,
  "mu": [
    -0.00964080340288621,
    -0.021520040027204555,
    0.021666265261982467,
    -0.01807281476241,
    0.004210187351734727,
    0.0847182160619447,
    0.13316025735391593,
    -0.06545292698629943,
    -0.013625146968440064,
    0.009984074136122937,
    0.14211683942171438,
    -0.00313043479953229,
    0.09933368389944755,
    -0.16987539848712263,
    -0.030570853384476772,
    0.013487004171968625,
    -0.016628576891744573,
    0.10679194657128835,
    -0.013854310265388442,
    -0.03975453751391106,
    0.028097482323599467,
    0.016469719476116234,
    0.04760478350157839,
    0.0282949042906488,
    -0.05804169786470882,
    -0.059377009503206034,
    -0.0821633534046086,
    -0.06037994673539491,
    -0.07227973484025617,
    -0.08951862705375706,
    -0.00980428180842825,
    -0.02153533001579616,
    -0.008852473791015088,
    0.1010322349601285,
    0.07340271966833936,
    -0.03228971925180988,
    -0.13164539182345983,
    0.1139433115562559,
    0.06726545517208003,
    0.04253869329155813,
    0.11479489418759696,
    0.027999354372230757,
    -0.06876202138171893,
    0.038672562053610485,
    -0.07030650440560784,
    0.10335307114942434,
    -0.005721723629716199,
    -0.16799756091247459
  ],
  "sigma": [
    0.01,
    0.01,
    0.01,
    0.01629514047018275,
    0.01,
    0.013249672555061215,
    0.022144175753005264,
    0.01,
    0.013805090958465745,
    0.012380540634521152,
    0.01,
    0.01,
    0.012626163814496116,
    0.01,
    0.01,
    0.01,
    0.01,
    0.01,
    0.015952717902867404,
    0.012081916936810466,
    0.012105515311939732,
    0.0152664910194746,
    0.013868730727339046,
    0.015157575020197872,
    0.011011608195775091,
    0.011550730011378211,
    0.01,
    0.01298600324759223,
    0.01,
    0.012639175233153376,
    0.011132108622961719,
    0.01,
    0.01,
    0.021296128520751825,
    0.01,
    0.01,
    0.01,
    0.01,
    0.01,
    0.01,
    0.01,
    0.01,
    0.01,
    0.015307534999953902,
    0.01,
    0.01,
    0.01,
    0.014990457243648779
  ],
  "bestReward": 118.65535123579711,
  "bestWeights": [
    0.01590536488098245,
    0.004243422526352696,
    0.013515927546825663,
    -0.01335788156320122,
    0.03851512972813122,
    0.11288206736808894,
    0.12254561957077874,
    -0.022704239514355264,
    -0.03231532845831496,
    -0.0037758518542709285,
    0.11404766684135964,
    0.0141637107966121,
    0.101941456722993,
    -0.20803344537511698,
    -0.0456940215598539,
    0.00007446936230827905,
    0.033350811514977846,
    0.06263476621556437,
    -0.02666240283432751,
    -0.0383430995562915,
    0.01808214391369635,
    0.04426606095493919,
    0.03430941388379833,
    0.05527440464999199,
    -0.0755591926692043,
    -0.08671240271215765,
    -0.05860654014664436,
    -0.033423400063185685,
    -0.04212679483378172,
    -0.048573398159576134,
    -0.01436976547836876,
    -0.024167903539335303,
    -0.042822370887112264,
    0.08176077681973105,
    0.10662017622225442,
    -0.019080396029369874,
    -0.0740381040233972,
    0.09130417186652706,
    0.10664311536528676,
    -0.0343510040328573,
    0.17377300834367806,
    0.06234242243921947,
    -0.041665366256067926,
    0.03744334026286638,
    -0.06521574814709621,
    0.07115741233010107,
    0.02025950312755847,
    -0.17430834958587837
  ],
  "history": [
    {
      "generation": 0,
      "bestReward": -78.6140908267784,
      "meanReward": -188.01075726836316,
      "eliteMeanReward": -79.14538824578024
    },
    {
      "generation": 1,
      "bestReward": -28.932944233337917,
      "meanReward": -165.31470923359822,
      "eliteMeanReward": -69.40778709675314
    },
    {
      "generation": 2,
      "bestReward": -27.336762418314144,
      "meanReward": -139.8445427085573,
      "eliteMeanReward": -69.0913496823026
    },
    {
      "generation": 3,
      "bestReward": -78.65942638867155,
      "meanReward": -312.94134212574,
      "eliteMeanReward": -79.3322435591814
    },
    {
      "generation": 4,
      "bestReward": -77.20370832891298,
      "meanReward": -127.58591627534608,
      "eliteMeanReward": -78.60665303247175
    },
    {
      "generation": 5,
      "bestReward": -27.76329674351868,
      "meanReward": -77.76428209831434,
      "eliteMeanReward": -60.71552854181878
    },
    {
      "generation": 6,
      "bestReward": 32.46142893574057,
      "meanReward": -132.23596194362534,
      "eliteMeanReward": -46.259956472088184
    },
    {
      "generation": 7,
      "bestReward": -25.99903016624844,
      "meanReward": -98.4022880138748,
      "eliteMeanReward": -67.10326911361479
    },
    {
      "generation": 8,
      "bestReward": -26.460780183847213,
      "meanReward": -102.01171319701571,
      "eliteMeanReward": -66.4846083863248
    },
    {
      "generation": 9,
      "bestReward": -76.04974261212632,
      "meanReward": -109.63368434944728,
      "eliteMeanReward": -76.85188249743632
    },
    {
      "generation": 10,
      "bestReward": -73.79962534269389,
      "meanReward": -126.5942445559103,
      "eliteMeanReward": -76.40274663368592
    },
    {
      "generation": 11,
      "bestReward": 30.969408507192853,
      "meanReward": -181.15441369542037,
      "eliteMeanReward": -54.26313907698034
    },
    {
      "generation": 12,
      "bestReward": -75.67431031832042,
      "meanReward": -123.77691706337475,
      "eliteMeanReward": -76.12247849283081
    },
    {
      "generation": 13,
      "bestReward": -75.33171914628763,
      "meanReward": -132.1685737944546,
      "eliteMeanReward": -75.92681474132003
    },
    {
      "generation": 14,
      "bestReward": -26.43973035934982,
      "meanReward": -76.27135648893588,
      "eliteMeanReward": -65.82024599340761
    },
    {
      "generation": 15,
      "bestReward": -27.951666666665957,
      "meanReward": -80.78826971636916,
      "eliteMeanReward": -65.75021997430933
    },
    {
      "generation": 16,
      "bestReward": -25.80164791040216,
      "meanReward": -78.78955362198718,
      "eliteMeanReward": -55.85858776795053
    },
    {
      "generation": 17,
      "bestReward": -73.72819183014089,
      "meanReward": -114.15867820658721,
      "eliteMeanReward": -74.81007982216381
    },
    {
      "generation": 18,
      "bestReward": -75.62029119082078,
      "meanReward": -127.30928950517196,
      "eliteMeanReward": -75.80135343156562
    },
    {
      "generation": 19,
      "bestReward": -23.546340866199255,
      "meanReward": -73.05797167671234,
      "eliteMeanReward": -52.98366971423269
    },
    {
      "generation": 20,
      "bestReward": 118.65535123579711,
      "meanReward": -136.23593397234828,
      "eliteMeanReward": -36.24008825961939
    },
    {
      "generation": 21,
      "bestReward": -73.82153331835349,
      "meanReward": -81.84557417480083,
      "eliteMeanReward": -74.24389569930267
    },
    {
      "generation": 22,
      "bestReward": -23.796972845074553,
      "meanReward": -93.26380781341341,
      "eliteMeanReward": -64.70108964320772
    },
    {
      "generation": 23,
      "bestReward": -25.765178722086848,
      "meanReward": -123.71666141684541,
      "eliteMeanReward": -55.84849675082577
    },
    {
      "generation": 24,
      "bestReward": -27.951666666664934,
      "meanReward": -92.23949975070147,
      "eliteMeanReward": -47.052392220497254
    },
    {
      "generation": 25,
      "bestReward": 83.73021244346715,
      "meanReward": -101.5633808094678,
      "eliteMeanReward": -15.318299428581195
    },
    {
      "generation": 26,
      "bestReward": -74.31229899768411,
      "meanReward": -99.65732216973852,
      "eliteMeanReward": -74.91725926621443
    },
    {
      "generation": 27,
      "bestReward": -25.97378646963198,
      "meanReward": -83.74179521079974,
      "eliteMeanReward": -60.619365599359334
    },
    {
      "generation": 28,
      "bestReward": -27.801666666665167,