{
  "generation": 30,
  "mu": [
    0.002493316510087619,
    -0.001567158145161988,
    0.005010668815317624,
    -0.03895178628169592,
    0.02374794569802268,
    0.12185147021382003,
    0.116011845750287,
    -0.04173429400008346,
    -0.020183138647283216,
    0.009450356646740588,
    0.12102305494422441,
    0.00412901180716928,
    0.11403517687141818,
    -0.1734357704535176,
    -0.05222030520104949,
    0.003654793754564138,
    0.0029260456979851024,
    0.048647896882958605,
    0.011335537153784998,
    -0.029324545529723252,
    0.04685970245678754,
    0.022705859974638698,
    0.05262176415159325,
    0.03897879305375997,
    -0.04062244623878218,
    -0.08543371677921636,
    -0.06814109173951217,
    -0.04185386238426116,
    -0.05601144432780375,
    -0.0650958677606359,
    -0.00147450973152994,
    -0.014580634040662278,
    -0.04251480552920468,
    0.08531285103098224,
    0.09133923252941285,
    -0.023688485030520318,
    -0.11346226452129544,
    0.08146103585188223,
    0.07546476065575587,
    0.00012140377633634413,
    0.15869380038347766,
    0.04508416047727888,
    -0.07254570211470387,
    0.04141585719447617,
    -0.08051900699111077,
    0.08940667049844636,
    -0.010904184757702799,
    -0.16100921235564
  ],
  "sigma": [
    0.010033462035897125,
    0.01,
    0.01,
    0.01,
    0.01,
    0.012840721992892632,
    0.01,
    0.01380779894598597,
    0.01,
    0.01,
    0.012320882913092012,
    0.01,
    0.01,
    0.012682590560058481,
    0.01,
    0.010288211581809875,
    0.01,
    0.01,
    0.01,
    0.01,
    0.013033607500231833,
    0.01,
    0.01,
    0.014005380199195625,
    0.01,
    0.013619466262117958,
    0.016243097073375016,
    0.01,
    0.01,
    0.01,
    0.016233225762040095,
    0.019306211427077048,
    0.01,
    0.014905167870631768,
    0.01,
    0.01055968458533001,
    0.010304234015838557,
    0.016570046146781186,
    0.01,
    0.01,
    0.012887336836871523,
    0.010490123699298245,
    0.012104724050384999,
    0.01,
    0.01,
    0.01,
    0.01,
    0.01055036925933038
  ],
  "bestReward": 118.65535123579711,
  "bestWeights": [
    0.01590536488098245,
    0.004243422526352696,
    0.013515927546825663,
    -0.01335788156320122,
    0.03851512972813122,
    0.11288206736808894,
    0.12254561957077874,
    -0.022704239514355264,
    -0.03231532845831496,
    -0.0037758518542709285,
    0.11404766684135964,
    0.0141637107966121,
    0.101941456722993,
    -0.20803344537511698,
    -0.0456940215598539,
    0.00007446936230827905,
    0.033350811514977846,
    0.06263476621556437,
    -0.02666240283432751,
    -0.0383430995562915,
    0.01808214391369635,
    0.04426606095493919,
    0.03430941388379833,
    0.05527440464999199,
    -0.0755591926692043,
    -0.08671240271215765,
    -0.05860654014664436,
    -0.033423400063185685,
    -0.04212679483378172,
    -0.048573398159576134,
    -0.01436976547836876,
    -0.024167903539335303,
    -0.042822370887112264,
    0.08176077681973105,
    0.10662017622225442,
    -0.019080396029369874,
    -0.0740381040233972,
    0.09130417186652706,
    0.10664311536528676,
    -0.0343510040328573,
    0.17377300834367806,
    0.06234242243921947,
    -0.041665366256067926,
    0.03744334026286638,
    -0.06521574814709621,
    0.07115741233010107,
    0.02025950312755847,
    -0.17430834958587837
  ],
  "history": [
    {
      "generation": 0,
      "bestReward": -78.6140908267784,
      "meanReward": -188.01075726836316,
      "eliteMeanReward": -79.14538824578024
    },
    {
      "generation": 1,
      "bestReward": -28.932944233337917,
      "meanReward": -165.31470923359822,
      "eliteMeanReward": -69.40778709675314
    },
    {
      "generation": 2,
      "bestReward": -27.336762418314144,
      "meanReward": -139.8445427085573,
      "eliteMeanReward": -69.0913496823026
    },
    {
      "generation": 3,
      "bestReward": -78.65942638867155,
      "meanReward": -312.94134212574,
      "eliteMeanReward": -79.3322435591814
    },
    {
      "generation": 4,
      "bestReward": -77.20370832891298,
      "meanReward": -127.58591627534608,
      "eliteMeanReward": -78.60665303247175
    },
    {
      "generation": 5,
      "bestReward": -27.76329674351868,
      "meanReward": -77.76428209831434,
      "eliteMeanReward": -60.71552854181878
    },
    {
      "generation": 6,
      "bestReward": 32.46142893574057,
      "meanReward": -132.23596194362534,
      "eliteMeanReward": -46.259956472088184
    },
    {
      "generation": 7,
      "bestReward": -25.99903016624844,
      "meanReward": -98.4022880138748,
      "eliteMeanReward": -67.10326911361479
    },
    {
      "generation": 8,
      "bestReward": -26.460780183847213,
      "meanReward": -102.01171319701571,
      "eliteMeanReward": -66.4846083863248
    },
    {
      "generation": 9,
      "bestReward": -76.04974261212632,
      "meanReward": -109.63368434944728,
      "eliteMeanReward": -76.85188249743632
    },
    {
      "generation": 10,
      "bestReward": -73.79962534269389,
      "meanReward": -126.5942445559103,
      "eliteMeanReward": -76.40274663368592
    },
    {
      "generation": 11,
      "bestReward": 30.969408507192853,
      "meanReward": -181.15441369542037,
      "eliteMeanReward": -54.26313907698034
    },
    {
      "generation": 12,
      "bestReward": -75.67431031832042,
      "meanReward": -123.77691706337475,
      "eliteMeanReward": -76.12247849283081
    },
    {
      "generation": 13,
      "bestReward": -75.33171914628763,
      "meanReward": -132.1685737944546,
      "eliteMeanReward": -75.92681474132003
    },
    {
      "generation": 14,
      "bestReward": -26.43973035934982,
      "meanReward": -76.27135648893588,
      "eliteMeanReward": -65.82024599340761
    },
    {
      "generation": 15,
      "bestReward": -27.951666666665957,
      "meanReward": -80.78826971636916,
      "eliteMeanReward": -65.75021997430933
    },
    {
      "generation": 16,
      "bestReward": -25.80164791040216,
      "meanReward": -78.78955362198718,
      "eliteMeanReward": -55.85858776795053
    },
    {
      "generation": 17,
      "bestReward": -73.72819183014089,
      "meanReward": -114.15867820658721,
      "eliteMeanReward": -74.81007982216381
    },
    {
      "generation": 18,
      "bestReward": -75.62029119082078,
      "meanReward": -127.30928950517196,
      "eliteMeanReward": -75.80135343156562
    },
    {
      "generation": 19,
      "bestReward": -23.546340866199255,
      "meanReward": -73.05797167671234,
      "eliteMeanReward": -52.98366971423269
    },
    {
      "generation": 20,
      "bestReward": 118.65535123579711,
      "meanReward": -136.23593397234828,
      "eliteMeanReward": -36.24008825961939
    },
    {
      "generation": 21,
      "bestReward": -73.82153331835349,
      "meanReward": -81.84557417480083,
      "eliteMeanReward": -74.24389569930267
    },
    {
      "generation": 22,
      "bestReward": -23.796972845074553,
      "meanReward": -93.26380781341341,
      "eliteMeanReward": -64.70108964320772
    },
    {
      "generation": 23,
      "bestReward": -25.765178722086848,
      "meanReward": -123.71666141684541,
      "eliteMeanReward": -55.84849675082577
    },
    {
      "generation": 24,
      "bestReward": -27.951666666664934,
      "meanReward": -92.23949975070147,
      "eliteMeanReward": -47.052392220497254
    },
    {
      "generation": 25,
      "bestReward": 83.73021244346715,
      "meanReward": -101.5633808094678,
      "eliteMeanReward": -15.318299428581195
    },
    {
      "generation": 26,
      "bestReward": -74.31229899768411,
      "meanReward": -99.65732216973852,
      "eliteMeanReward": -74.91725926621443
    },
    {
      "generation": 27,
      "bestReward": -25.97378646963198,
      "meanReward": -83.74179521079974,
      "eliteMeanReward": -60.619365599359334
    },
    {
      "generation": 28,
      "bestReward": -27.801666666665167,