{
  "generation": 20,
  "mu": [
    0.0031043743620047686,
    0.006401357008949583,
    0.007956313592544386,
    -0.022222619768895155,
    0.04179875630980692,
    0.1119414138463326,
    0.1177545327627723,
    -0.03750135365342542,
    -0.0296477836593588,
    0.0078464043589123,
    0.12649838508222638,
    0.003677235987113694,
    0.103847129477829,
    -0.1852895490193358,
    -0.05110561721655919,
    -0.0024330260638578314,
    0.020982961874905687,
    0.06335973948623856,
    -0.012408166167094507,
    -0.031569959180337524,
    0.011149321953791272,
    0.03559013171120502,
    0.04566339111855577,
    0.051654872251238326,
    -0.070243053534047,
    -0.0952982014278515,
    -0.0546705517608342,
    -0.03330821124134034,
    -0.04996463995313323,
    -0.0653543873487963,
    -0.014273028991615293,
    -0.0047871536008512695,
    -0.04397292417091952,
    0.07693797823494455,
    0.11450812937398598,
    -0.005009930718074845,
    -0.08385777458656798,
    0.08337760779031124,
    0.09889924841520163,
    -0.015575359244254332,
    0.18360780123656117,
    0.06117482925259714,
    -0.05370263795510517,
    0.03524057023893205,
    -0.07493722494451446,
    0.0798677774060713,
    0.0058408582002766355,
    -0.16479098536246475
  ],
  "sigma": [
    0.01,
    0.010309543498409355,
    0.01,
    0.01,
    0.01,
    0.0137579006596214,
    0.01,
    0.013874415774400066,
    0.01,
    0.01,
    0.01,
    0.013134514962559289,
    0.01,
    0.015817666018160776,
    0.01,
    0.01,
    0.01,
    0.010116409608480037,
    0.012222406605958785,
    0.01,
    0.01041634596247838,
    0.01,
    0.01230246622578553,
    0.01,
    0.01,
    0.012675603742978178,
    0.01,
    0.01,
    0.01,
    0.01,
    0.01160781026945171,
    0.015344390941329592,
    0.01,
    0.01,
    0.01,
    0.01,
    0.01,
    0.01,
    0.013951279965219773,
    0.01,
    0.01,
    0.013575290959218871,
    0.01,
    0.010618383285474335,
    0.01,
    0.01,
    0.01,
    0.01
  ],
  "bestReward": 32.46142893574057,
  "bestWeights": [
    0.03529780617273369,
    0.03552541874147408,
    0.012508300102116413,
    -0.020249019410051573,
    0.03921223874690463,
    0.052808922180901684,
    0.06374942946613847,
    -0.01401563826207948,
    -0.059173767169080294,
    -0.0006529788835083023,
    0.1411464986184263,
    -0.02078081784780925,
    0.1244141843893443,
    -0.23649547086888842,
    -0.011783304015178991,
    -0.011391063148743517,
    0.04861441026537107,
    0.03528763104346167,
    -0.05214194461242975,
    -0.04156275542679506,
    0.034659120335628325,
    0.036662862744431944,
    0.02246062990375758,
    0.0017628758493363067,
    -0.017474300053783413,
    -0.073108190072802,
    -0.08284699618104865,
    -0.04265945594022156,
    -0.047386608968278156,
    -0.04957423444446892,
    -0.018739054489894012,
    -0.000045435827441372284,
    -0.028408887378458442,
    0.09658235592395036,
    0.09911338211243134,
    0.006202195544371538,
    -0.05489995358367224,
    0.07021642961116163,
    0.09325587278496647,
    -0.006931131520892876,
    0.2195546085036207,
    -0.014730450039546884,
    -0.05601994657961829,
    0.10610459270990444,
    -0.22549578145428156,
    0.06606432236993745,
    0.035237016629445096,
    -0.14215914698350585
  ],
  "history": [
    {
      "generation": 0,
      "bestReward": -78.6140908267784,
      "meanReward": -188.01075726836316,
      "eliteMeanReward": -79.14538824578024
    },
    {
      "generation": 1,
      "bestReward": -28.932944233337917,
      "meanReward": -165.31470923359822,
      "eliteMeanReward": -69.40778709675314
    },
    {
      "generation": 2,
      "bestReward": -27.336762418314144,
      "meanReward": -139.8445427085573,
      "eliteMeanReward": -69.0913496823026
    },
    {
      "generation": 3,
      "bestReward": -78.65942638867155,
      "meanReward": -312.94134212574,
      "eliteMeanReward": -79.3322435591814
    },
    {
      "generation": 4,
      "bestReward": -77.20370832891298,
      "meanReward": -127.58591627534608,
      "eliteMeanReward": -78.60665303247175
    },
    {
      "generation": 5,
      "bestReward": -27.76329674351868,
      "meanReward": -77.76428209831434,
      "eliteMeanReward": -60.71552854181878
    },
    {
      "generation": 6,
      "bestReward": 32.46142893574057,
      "meanReward": -132.23596194362534,
      "eliteMeanReward": -46.259956472088184
    },
    {
      "generation": 7,
      "bestReward": -25.99903016624844,
      "meanReward": -98.4022880138748,
      "eliteMeanReward": -67.10326911361479
    },
    {
      "generation": 8,
      "bestReward": -26.460780183847213,
      "meanReward": -102.01171319701571,
      "eliteMeanReward": -66.4846083863248
    },
    {
      "generation": 9,
      "bestReward": -76.04974261212632,
      "meanReward": -109.63368434944728,
      "eliteMeanReward": -76.85188249743632
    },
    {
      "generation": 10,
      "bestReward": -73.79962534269389,
      "meanReward": -126.5942445559103,
      "eliteMeanReward": -76.40274663368592
    },
    {
      "generation": 11,
      "bestReward": 30.969408507192853,
      "meanReward": -181.15441369542037,
      "eliteMeanReward": -54.26313907698034
    },
    {
      "generation": 12,
      "bestReward": -75.67431031832042,
      "meanReward": -123.77691706337475,
      "eliteMeanReward": -76.12247849283081
    },
    {
      "generation": 13,
      "bestReward": -75.33171914628763,
      "meanReward": -132.1685737944546,
      "eliteMeanReward": -75.92681474132003
    },
    {
      "generation": 14,
      "bestReward": -26.43973035934982,
      "meanReward": -76.27135648893588,
      "eliteMeanReward": -65.82024599340761
    },
    {
      "generation": 15,
      "bestReward": -27.951666666665957,
      "meanReward": -80.78826971636916,
      "eliteMeanReward": -65.75021997430933
    },
    {
      "generation": 16,
      "bestReward": -25.80164791040216,
      "meanReward": -78.78955362198718,
      "eliteMeanReward": -55.85858776795053
    },
    {
      "generation": 17,
      "bestReward": -73.72819183014089,
      "meanReward": -114.15867820658721,
      "eliteMeanReward": -74.81007982216381
    },
    {
      "generation": 18,
      "bestReward": -75.62029119082078,
      "meanReward": -127.30928950517196,
      "eliteMeanReward": -75.80135343156562
    },
    {
      "generation": 19,
      "bestReward": -23.546340866199255,
      "meanReward": -73.05797167671234,
      "eliteMeanReward": -52.98366971423269
    }
  ]
}