{
  "generation": 10,
  "mu": [
    -0.0033971831997146734,
    0.03503956019726265,
    0.003200328105089272,
    -0.026521256139453865,
    0.04728728624781221,
    0.09988846211490661,
    0.09455037264957059,
    -0.02379820311650997,
    -0.04936688643376828,
    0.018204603940673258,
    0.12825440538177263,
    -0.03954921882504739,
    0.10722755028197702,
    -0.11641816329641594,
    -0.025689977359704734,
    -0.017463304483035125,
    0.01261504442900615,
    0.04262107417159301,
    -0.027318326804300914,
    -0.04916076757026992,
    0.03012952930063595,
    0.03291180436949191,
    0.029689313929221018,
    0.07597859988132678,
    -0.056833694268486466,
    -0.09051292826144393,
    -0.08233320609626885,
    -0.02353287147315638,
    -0.05864859926464498,
    -0.06081967829174867,
    -0.013814822537124499,
    -0.00033251477320390727,
    -0.029784302596529737,
    0.09572968612547215,
    0.08775909100252376,
    -0.0006310700746033224,
    -0.06458257030700425,
    0.08119877544561475,
    0.11450290003984906,
    -0.005906110953968722,
    0.1922942077686467,
    0.026031780356823176,
    -0.06306130670591403,
    0.04498047219954896,
    -0.12370774367813389,
    0.057039002397098956,
    0.01913752632908209,
    -0.16529517494978044
  ],
  "sigma": [
    0.04796258022121306,
    0.012633153473422032,
    0.01,
    0.01,
    0.011106781454490955,
    0.01,
    0.01,
    0.01,
    0.01,
    0.01,
    0.01,
    0.01,
    0.011439331072213234,
    0.09292967936478314,
    0.01,
    0.01,
    0.01,
    0.01,
    0.01,
    0.010507713213492685,
    0.01209660084920038,
    0.01,
    0.015210811170478896,
    0.022822231660507276,
    0.010432332580336262,
    0.01,
    0.01,
    0.01,
    0.012057480443127941,
    0.01,
    0.01,
    0.01,
    0.01133255439132314,
    0.012090261047572408,
    0.01520769323947914,
    0.01698128395016496,
    0.01454898468533166,
    0.012389955563738364,
    0.0338937972110783,
    0.01,
    0.03399706044334587,
    0.01,
    0.01,
    0.01405331815556281,
    0.04380246119596478,
    0.01,
    0.01,
    0.01
  ],
  "bestReward": 32.46142893574057,
  "bestWeights": [
    0.03529780617273369,
    0.03552541874147408,
    0.012508300102116413,
    -0.020249019410051573,
    0.03921223874690463,
    0.052808922180901684,
    0.06374942946613847,
    -0.01401563826207948,
    -0.059173767169080294,
    -0.0006529788835083023,
    0.1411464986184263,
    -0.02078081784780925,
    0.1244141843893443,
    -0.23649547086888842,
    -0.011783304015178991,
    -0.011391063148743517,
    0.04861441026537107,
    0.03528763104346167,
    -0.05214194461242975,
    -0.04156275542679506,
    0.034659120335628325,
    0.036662862744431944,
    0.02246062990375758,
    0.0017628758493363067,
    -0.017474300053783413,
    -0.073108190072802,
    -0.08284699618104865,
    -0.04265945594022156,
    -0.047386608968278156,
    -0.04957423444446892,
    -0.018739054489894012,
    -0.000045435827441372284,
    -0.028408887378458442,
    0.09658235592395036,
    0.09911338211243134,
    0.006202195544371538,
    -0.05489995358367224,
    0.07021642961116163,
    0.09325587278496647,
    -0.006931131520892876,
    0.2195546085036207,
    -0.014730450039546884,
    -0.05601994657961829,
    0.10610459270990444,
    -0.22549578145428156,
    0.06606432236993745,
    0.035237016629445096,
    -0.14215914698350585
  ],
  "history": [
    {
      "generation": 0,
      "bestReward": -78.6140908267784,
      "meanReward": -188.01075726836316,
      "eliteMeanReward": -79.14538824578024
    },
    {
      "generation": 1,
      "bestReward": -28.932944233337917,
      "meanReward": -165.31470923359822,
      "eliteMeanReward": -69.40778709675314
    },
    {
      "generation": 2,
      "bestReward": -27.336762418314144,
      "meanReward": -139.8445427085573,
      "eliteMeanReward": -69.0913496823026
    },
    {
      "generation": 3,
      "bestReward": -78.65942638867155,
      "meanReward": -312.94134212574,
      "eliteMeanReward": -79.3322435591814
    },
    {
      "generation": 4,
      "bestReward": -77.20370832891298,
      "meanReward": -127.58591627534608,
      "eliteMeanReward": -78.60665303247175
    },
    {
      "generation": 5,
      "bestReward": -27.76329674351868,
      "meanReward": -77.76428209831434,
      "eliteMeanReward": -60.71552854181878
    },
    {
      "generation": 6,
      "bestReward": 32.46142893574057,
      "meanReward": -132.23596194362534,
      "eliteMeanReward": -46.259956472088184
    },
    {
      "generation": 7,
      "bestReward": -25.99903016624844,
      "meanReward": -98.4022880138748,
      "eliteMeanReward": -67.10326911361479
    },
    {
      "generation": 8,
      "bestReward": -26.460780183847213,
      "meanReward": -102.01171319701571,
      "eliteMeanReward": -66.4846083863248
    },
    {
      "generation": 9,
      "bestReward": -76.04974261212632,
      "meanReward": -109.63368434944728,
      "eliteMeanReward": -76.85188249743632
    }
  ]
}